trade_id,signal_type,is_long,is_trend,signal_bar,signal_ts,entry_bar,entry_ts,entry_price,sl,tp,stop_dist,atr_at_entry,exit_bar,exit_ts,exit_price,exit_reason,trail_stage,bars_held,real_pl
1,Trend Short,False,True,302,1720335600000,303,1720337400000,57264.01,57431.74282642233,56593.07869431071,167.7328264223226,279.554710703871,304,1720339200000,57369.99,SL,0,1,-134.61200499999592
2,Trend Short,False,True,335,1720395000000,336,1720396800000,55857.81,56063.721181927365,55034.16527229051,205.91118192737088,343.1853032122848,337,1720398600000,55986.0,SL,2,1,-156.11890500000231
3,Trend Long,True,True,440,1720584000000,441,1720585800000,59260.01,59031.2568153476,60175.022738609594,228.75318465239744,381.25530775399574,441,1720585800000,59031.2568153476,SL,0,0,-258.3831896523998
4,Trend Long,True,True,483,1720661400000,484,1720663200000,58280.35,58089.14237544081,59045.18049823676,191.20762455919126,318.67937426531876,484,1720663200000,58089.14237544081,SL,0,0,-220.34779955918884
5,Trend Long,True,True,491,1720675800000,492,1720677600000,57994.01,57788.2204192723,58817.16832291082,205.78958072770283,342.98263454617137,493,1720679400000,57966.19,SL,0,1,-56.81700499999971
6,Trend Short,False,True,568,1720814400000,569,1720816200000,57321.12,57535.01141630151,56465.55433479397,213.8914163015093,356.48569383584885,569,1720816200000,57535.01141630151,SL,0,0,-242.55197630150698
7,Trend Long,True,True,601,1720873800000,602,1720875600000,58768.01,58636.53199392509,59293.92202429965,131.47800607491186,219.13001012485313,602,1720875600000,58636.53199392509,SL,0,0,-160.8620110749108
8,Trend Long,True,True,621,1720909800000,622,1720911600000,59464.53,59317.51546594355,60052.5881362258,147.0145340564508,245.024223427418,622,1720911600000,59317.51546594355,SL,0,0,-176.74679905644862
9,Trend Long,True,True,653,1720967400000,654,1720969200000,60012.0,59840.5371414765,60697.85143409398,171.4628585234942,285.7714308724903,655,1720971000000,59907.98,SL,0,1,-134.0259999999968
10,Trend Long,True,True,666,1720990800000,667,1720992600000,60749.99,60584.87741024433,61410.44035902269,165.11258975567299,275.1876495927883,667,1720992600000,61410.44035902269,TP,0,0,630.0753640226886
11,Trend Long,True,True,670,1720998000000,671,1720999800000,61104.0,60906.54158496429,61893.83366014283,197.4584150357085,329.0973583928475,671,1720999800000,60906.54158496429,SL,0,0,-228.01041503571136
12,Trend Long,True,True,673,1721003400000,674,1721005200000,61212.0,61006.16826026478,62035.32695894089,205.83173973522284,343.0528995587047,675,1721007000000,61410.82,SL,2,1,168.21399999999971
13,Trend Long,True,True,676,1721008800000,677,1721010600000,62206.94,61966.27685561287,63169.59257754852,240.66314438712982,401.1052406452164,678,1721012400000,62482.0,SL,1,1,243.95652999999766
14,Trend Long,True,True,701,1721053800000,702,1721055600000,63218.06,63016.72933196003,64023.38267215988,201.33066803997045,335.55111339995074,702,1721055600000,63016.72933196003,SL,0,0,-232.93969803996916
15,Trend Long,True,True,704,1721059200000,705,1721061000000,63222.87,63015.650889328055,64051.74644268778,207.2191106719443,345.3651844532405,706,1721062800000,63411.77,SL,1,1,157.28856499999418
16,Trend Long,True,True,716,1721080800000,717,1721082600000,64186.94,63949.33148948191,65137.37404207235,237.608510518087,396.0141841968117,718,1721084400000,64343.6,SL,2,1,124.56652999999622
17,Trend Long,True,True,742,1721127600000,743,1721129400000,63711.71,63445.04220504805,64778.38117980781,266.6677949519526,444.446324919921,744,1721131200000,63746.11,SL,1,1,2.5441450000014534
18,Trend Long,True,True,750,1721142000000,751,1721143800000,64504.0,64198.28830135231,65726.84679459076,305.71169864769087,509.5194977461515,752,1721145600000,64878.24,SL,1,1,341.98799999999795
19,Trend Long,True,True,758,1721156400000,759,1721158200000,65107.91,64810.50546546494,66297.52813814023,297.40453453505756,495.67422422509594,759,1721158200000,64810.50546546494,SL,0,0,-329.9584895350605
20,Trend Long,True,True,766,1721170800000,767,1721172600000,65227.9,64948.37167654255,66346.0132938298,279.52832345745185,465.8805390957531,768,1721174400000,65044.0,SL,0,1,-216.51395000000144
21,Trend Long,True,True,769,1721176200000,770,1721178000000,65505.41,65233.83718781486,66591.70124874056,271.5728121851392,452.6213536418987,771,1721179800000,65918.9,SL,1,1,380.7372949999907
22,Range Long,True,False,846,1721314800000,847,1721316600000,63754.51,63593.430382040286,64157.2090448993,161.07961795971656,322.1592359194331,847,1721316600000,63593.430382040286,SL,0,0,-192.9568729597164
23,Range Short,False,False,892,1721397600000,893,1721399400000,65555.3,65754.45180399998,65057.42049000007,199.15180399997257,398.30360799994514,893,1721399400000,65754.45180399998,SL,0,0,-231.92945399997916
24,Trend Long,True,True,902,1721415600000,903,1721417400000,67044.01,66793.45490768715,68046.23036925135,250.55509231284043,417.59182052140073,904,1721419200000,67157.25,SL,1,1,79.71799500000523
25,Trend Short,False,True,1154,1721869200000,1155,1721871000000,64418.81,64661.988997685425,63446.094009258304,243.17899768542426,405.29832947570713,1156,1721872800000,64477.99,SL,1,1,-91.3894050000003
26,Trend Short,False,True,1175,1721907000000,1176,1721908800000,64096.01,64271.42330408113,63394.35678367548,175.4133040811302,292.3555068018837,1176,1721908800000,64271.42330408113,SL,0,0,-207.46130908112843
27,Trend Short,False,True,1189,1721932200000,1190,1721934000000,64568.0,64800.06629858075,63639.734805676984,232.0662985807531,386.7771643012552,1190,1721934000000,64800.06629858075,SL,0,0,-264.3502985807503
28,Trend Long,True,True,1218,1721984400000,1219,1721986200000,67304.0,67129.99363292255,68000.02546830982,174.00636707745502,290.0106117957584,1220,1721988000000,67296.01,SL,0,1,-41.64200000000524
29,Trend Long,True,True,1227,1722000600000,1228,1722002400000,67887.88,67716.73468718176,68572.46125127297,171.1453128182409,285.2421880304015,1228,1722002400000,67716.73468718176,SL,0,0,-205.08925281824747
30,Trend Long,True,True,1230,1722006000000,1231,1722007800000,67654.01,67449.04049771804,68473.8880091278,204.96950228195158,341.615837136586,1233,1722011400000,67449.04049771804,SL,0,2,-238.79650728195054
31,Trend Long,True,True,1261,1722061800000,1262,1722063600000,68092.89,67973.61159537181,68570.00361851275,119.27840462819015,198.79734104698358,1263,1722065400000,68255.63053179061,SL,1,1,128.69408679060865
32,Trend Long,True,True,1266,1722070800000,1267,1722072600000,68154.01,68031.9148789388,68642.39048424477,122.09512106119158,203.4918684353193,1268,1722074400000,68217.2,SL,0,1,29.11299500000233
33,Trend Long,True,True,1274,1722085200000,1275,1722087000000,68832.0,68707.68508870315,69329.2596451874,124.3149112968489,207.1915188280815,1275,1722087000000,69329.2596451874,TP,0,0,462.84364518739784
34,Trend Long,True,True,1321,1722169800000,1322,1722171600000,68000.01,67833.18032053395,68667.32871786416,166.8296794660411,278.0494657767352,1324,1722175200000,67833.18032053395,SL,0,2,-200.82968446604184
35,Range Short,False,False,1344,1722211200000,1345,1722213000000,68844.0,68973.71940737583,68519.70148156043,129.71940737582582,259.43881475165165,1346,1722214800000,68714.01,SL,2,1,95.56800000000524
36,Trend Long,True,True,1349,1722220200000,1350,1722222000000,69558.99,69370.72256410024,70312.05974359903,188.26743589975734,313.7790598329289,1350,1722222000000,69370.72256410024,SL,0,0,-223.04693089976104
37,Trend Long,True,True,1354,1722229200000,1355,1722231000000,69544.79,69368.13203908801,70251.42184364794,176.6579609119863,294.4299348533105,1356,1722232800000,69662.07,SL,1,1,82.5076050000134
38,Trend Short,False,True,1416,1722340800000,1417,1722342600000,66265.86,66437.08026248314,65580.97895006744,171.2202624831402,285.367104138567,1417,1722342600000,66437.08026248314,SL,0,0,-204.35319248314067
39,Trend Short,False,True,1419,1722346200000,1420,1722348000000,66382.0,66577.11756365724,65601.52974537105,195.11756365723707,325.1959394287285,1421,1722349800000,66132.89,SL,2,1,215.91900000000058
40,Trend Short,False,True,1426,1722358800000,1427,1722360600000,65876.0,66094.53273421442,65001.86906314232,218.53273421441972,364.22122369069956,1428,1722362400000,65868.01,SL,0,1,-24.947999999994764
41,Trend Short,False,True,1448,1722398400000,1449,1722400200000,65818.36,65988.14424091853,65139.2230363259,169.7842409185242,282.973734864207,1450,1722402000000,65804.0,SL,1,1,-18.549179999999417
42,Trend Short,False,True,1468,1722434400000,1469,1722436200000,66132.01,66307.82560795175,65428.74756819297,175.81560795175497,293.02601325292494,1469,1722436200000,66307.82560795175,SL,0,0,-208.88161295175027
43,Trend Short,False,True,1491,1722475800000,1492,1722477600000,64202.0,64456.588963275,63183.64414690001,254.58896327499764,424.31493879166277,1493,1722479400000,64016.0,SL,0,1,153.899
44,Trend Short,False,True,1518,1722524400000,1519,1722526200000,62984.0,63211.70898772298,62073.164049108076,227.70898772298088,379.5149795383015,1520,1722528000000,62907.44,SL,1,1,45.06799999999767
45,Trend Short,False,True,1540,1722564000000,1541,1722565800000,63970.02,64254.457550406296,62832.26979837479,284.43755040630066,474.0625840105011,1541,1722565800000,64254.457550406296,SL,0,0,-316.4225604062991
46,Trend Short,False,True,1548,1722578400000,1549,1722580200000,63870.01,64117.85426557009,62878.63293771965,247.84426557008678,413.07377595014464,1549,1722580200000,64117.85426557009,SL,0,0,-279.77927057008554
47,Trend Short,False,True,1578,1722632400000,1579,1722634200000,61660.87,62012.810230844305,60253.10907662281,351.9402308442989,586.5670514071649,1579,1722634200000,62012.810230844305,SL,0,0,-382.7706658443023
48,Trend Short,False,True,1585,1722645000000,1586,1722646800000,61132.01,61474.9141972052,59760.393211179195,342.9041972052025,571.5069953420042,1587,1722648600000,61193.24,SL,1,1,-91.79600499999593
49,Trend Short,False,True,1614,1722697200000,1615,1722699000000,61567.6,61739.17383023006,60881.304679079774,171.5738302300561,285.9563837167602,1615,1722699000000,60881.304679079774,TP,0,0,655.5115209202241
50,Trend Short,False,True,1621,1722709800000,1622,1722711600000,60243.97,60487.87004868632,59268.36980525471,243.900048686322,406.50008114387003,1623,1722713400000,60001.30001622877,SL,0,1,212.54799877122946
51,Trend Short,False,True,1647,1722756600000,1648,1722758400000,60374.0,60540.79008985638,59706.83964057448,166.79008985638052,277.98348309396755,1649,1722760200000,60432.86,SL,1,1,-89.04700000000058
52,Trend Short,False,True,1663,1722785400000,1664,1722787200000,59086.01,59288.381537934765,58276.52384826096,202.37153793476082,337.28589655793473,1664,1722787200000,59288.381537934765,SL,0,0,-231.91454293476318
53,Trend Short,False,True,1665,1722789000000,1666,1722790800000,58663.9,58877.04248934171,57811.33004263318,213.14248934170692,355.2374822361782,1667,1722792600000,58195.8,SL,4,1,438.76804999999854
54,Trend Short,False,True,1810,1723050000000,1811,1723051800000,55726.9,56030.94460799073,54510.721568037094,304.04460799072734,506.7410133178789,1812,1723053600000,55570.59,SL,2,1,128.44655000000495
55,Trend Long,True,True,1867,1723152600000,1868,1723154400000,61170.44,60835.248691299275,62511.205234802925,335.19130870073053,558.6521811678842,1868,1723154400000,60835.248691299275,SL,0,0,-365.77652870072694
56,Trend Long,True,True,1869,1723156200000,1870,1723158000000,62332.0,61947.45985117131,63870.16059531477,384.54014882869103,640.9002480478184,1870,1723158000000,61947.45985117131,SL,0,0,-415.70614882868796
57,Trend Short,False,True,2033,1723451400000,2034,1723453200000,58317.43,58578.76256452866,57272.09974188535,261.33256452866266,435.5542742144378,2034,1723453200000,58578.76256452866,SL,0,0,-290.49127952866047
58,Trend Short,False,True,2043,1723469400000,2044,1723471200000,58157.55,58476.65639350063,56881.12442599751,319.1063935006238,531.8439891677064,2044,1723471200000,58476.65639350063,SL,0,0,-348.1851685006241
59,Range Short,False,False,2097,1723566600000,2098,1723568400000,61157.6,61394.918733842074,60564.30316539481,237.31873384207353,474.63746768414705,2098,1723568400000,61394.918733842074,SL,0,0,-267.89753384207575
60,Trend Long,True,True,2136,1723636800000,2137,1723638600000,61699.99,61523.67211529308,62405.261538827675,176.3178847069189,293.8631411781982,2137,1723638600000,61523.67211529308,SL,0,0,-207.16787970692118
61,Trend Short,False,True,2163,1723685400000,2164,1723687200000,58204.93,58428.04019833456,57312.48920666177,223.1101983345588,371.850330557598,2164,1723687200000,58428.04019833456,SL,0,0,-252.21266333455793
62,Trend Short,False,True,2172,1723701600000,2173,1723703400000,58101.99,58310.65398909186,57267.33404363256,208.66398909185884,347.77331515309805,2174,1723705200000,58101.44,SL,1,1,-28.500995000004366
63,Trend Short,False,True,2195,1723743000000,2196,1723744800000,58875.1,59114.62805156713,57916.98779373147,239.52805156713347,399.2134192785558,2196,1723744800000,57916.98779373147,TP,0,0,928.6746562685317
64,Trend Short,False,True,2198,1723748400000,2199,1723750200000,56970.49,57278.18247933418,55739.720082663276,307.69247933418114,512.820798890302,2200,1723752000000,57046.34,SL,0,1,-104.33524499999854
65,Trend Long,True,True,2305,1723941000000,2306,1723942800000,59678.93,59583.37022375082,60061.16910499673,95.5597762491815,159.26629374863583,2306,1723942800000,59583.37022375082,SL,0,0,-125.3992412491816
66,Trend Long,True,True,2309,1723948200000,2310,1723950000000,60125.99,60005.7135794603,60607.095682158775,120.27642053969386,200.46070089948978,2310,1723950000000,60005.7135794603,SL,0,0,-150.33941553969612
67,Trend Short,False,True,2371,1724059800000,2372,1724061600000,58006.6,58152.45983723212,57423.160651071514,145.8598372321221,243.0997287202035,2372,1724061600000,58152.45983723212,SL,0,0,-174.8631372321212
68,Trend Short,False,True,2379,1724074200000,2380,1724076000000,58200.0,58391.0907945665,57435.636821734,191.09079456650042,318.48465761083406,2380,1724076000000,58391.0907945665,SL,0,0,-220.19079456650215
69,Trend Long,True,True,2408,1724126400000,2409,1724128200000,60799.99,60611.624754935634,61553.45098025747,188.36524506436695,313.94207510727824,2410,1724130000000,60865.61,SL,2,1,35.220005000002615
70,Trend Long,True,True,2424,1724155200000,2425,1724157000000,60718.62,60567.75548318521,61322.07806725918,150.86451681479446,251.44086135799077,2426,1724158800000,60567.75548318521,SL,0,1,-181.2238268147923
71,Trend Long,True,True,2427,1724160600000,2428,1724162400000,60892.0,60726.87896084471,61552.48415662114,165.12103915528553,275.2017319254759,2428,1724162400000,60726.87896084471,SL,0,0,-195.5670391552886
72,Range Short,False,False,2484,1724263200000,2485,1724265000000,60449.99,60633.225906531974,59991.900233670065,183.2359065319737,366.4718130639474,2485,1724265000000,60633.225906531974,SL,0,0,-213.46090153197608
73,Range Short,False,False,2486,1724266800000,2487,1724268600000,61029.95,61223.724404101544,60545.51398974613,193.7744041015489,387.5488082030978,2487,1724268600000,61223.724404101544,SL,0,0,-224.28937910154667
74,Trend Long,True,True,2560,1724400000000,2561,1724401800000,61213.25,61073.57675826131,61771.942966954746,139.67324173868658,232.78873623114433,2562,1724403600000,61291.01225275377,SL,0,1,47.155627753767824
75,Trend Long,True,True,2569,1724416200000,2570,1724418000000,61146.59,61011.692738207166,61686.17904717131,134.89726179282815,224.8287696547136,2570,1724418000000,61011.692738207166,SL,0,0,-165.47055679283025
76,Trend Long,True,True,2572,1724421600000,2573,1724423400000,61829.49,61651.83917778468,62540.09328886129,177.65082221532228,296.0847036922038,2573,1724423400000,61651.83917778468,SL,0,0,-208.56556721532067
77,Trend Long,True,True,2616,1724500800000,2617,1724502600000,64179.85,64031.145733950696,64774.667064197194,148.7042660492991,247.8404434154985,2618,1724504400000,64031.145733950696,SL,0,1,-180.79419104930253
78,Trend Long,True,True,2624,1724515200000,2625,1724517000000,64284.84,64143.73522586599,64849.259096536036,141.10477413401014,235.17462355668357,2625,1724517000000,64143.73522586599,SL,0,0,-173.24719413400805
79,Trend Long,True,True,2628,1724522400000,2629,1724524200000,64400.0,64246.25676259784,65014.97294960865,153.74323740216224,256.23872900360374,2629,1724524200000,64246.25676259784,SL,0,0,-185.94323740215913
80,Trend Long,True,True,2686,1724626800000,2687,1724628600000,64746.91,64629.17678330552,65217.84286677792,117.73321669448022,196.2220278241337,2687,1724628600000,64629.17678330552,SL,0,0,-150.10667169448342
81,Trend Short,False,True,2764,1724767200000,2765,1724769000000,62033.8,62199.98079250185,61369.07682999263,166.18079250184377,276.96798750307295,2766,1724770800000,61851.01,SL,1,1,151.77310000000088
82,Trend Short,False,True,2778,1724792400000,2779,1724794200000,61422.44,61608.440482098216,60678.43807160716,186.00048209821108,310.00080349701847,2779,1724794200000,60678.43807160716,TP,0,0,713.2907083928413
83,Trend Short,False,True,2799,1724830200000,2800,1724832000000,58600.98,58818.31032183672,57731.65871265314,217.33032183671597,362.2172030611933,2800,1724832000000,58818.31032183672,SL,0,0,-246.63081183671457
84,Trend Short,False,True,2811,1724851800000,2812,1724853600000,59334.0,59557.09811114149,58441.607555434035,223.09811114149102,371.83018523581836,2812,1724853600000,59557.09811114149,SL,0,0,-252.7651111414876
85,Trend Short,False,True,2814,1724857200000,2815,1724859000000,58737.91,59006.35587470039,57664.126501198465,268.4458747003848,447.409791167308,2815,1724859000000,59006.35587470039,SL,0,0,-297.81482970038826
86,Trend Short,False,True,2816,1724860800000,2817,1724862600000,58417.0,58718.82376951207,57209.704921951736,301.8237695120664,503.039615853444,2817,1724862600000,58718.82376951207,SL,0,0,-331.0322695120697
87,Trend Short,False,True,2868,1724954400000,2869,1724956200000,59628.01,59851.04109333382,58735.88562666472,223.03109333382054,371.7184888897009,2870,1724958000000,59161.01,SL,2,1,437.185995
88,Trend Short,False,True,2876,1724968800000,2877,1724970600000,59181.99,59421.740039852266,58222.98984059093,239.75003985226618,399.583399753777,2881,1724977800000,59421.740039852266,SL,0,4,-269.34103485226797
89,Trend Short,False,True,2890,1724994000000,2891,1724995800000,58762.8,58936.59504050171,58067.61983799318,173.7950405017061,289.65840083617684,2892,1724997600000,58936.59504050171,SL,0,1,-203.17644050170364
90,Trend Short,False,True,2986,1725166800000,2987,1725168600000,58036.03,58163.478061312264,57526.23775475094,127.44806131226551,212.41343552044253,2988,1725170400000,57986.0,SL,1,1,21.011984999998838
91,Trend Short,False,True,2996,1725184800000,2997,1725186600000,57997.03,58126.86378906265,57477.69484374941,129.83378906264795,216.3896484377466,2998,1725188400000,57931.0,SL,0,1,37.03148499999884
92,Trend Short,False,True,3089,1725352200000,3090,1725354000000,58789.01,58923.27283075147,58251.95867699412,134.26283075147037,223.77138458578398,3090,1725354000000,58923.27283075147,SL,0,0,-163.65733575146785
93,Trend Short,False,True,3099,1725370200000,3100,1725372000000,58398.99,58556.869576527395,57767.4716938904,157.8795765273998,263.1326275456663,3100,1725372000000,57767.4716938904,TP,0,0,602.3188111095959
94,Trend Short,False,True,3101,1725373800000,3102,1725375600000,57672.84,57854.71384914862,56945.344603405494,181.8738491486254,303.1230819143757,3102,1725375600000,57854.71384914862,SL,0,0,-210.71026914862196
95,Trend Short,False,True,3119,1725406200000,3120,1725408000000,57487.74,57646.53171711862,56852.57313152552,158.7917171186206,264.65286186436765,3120,1725408000000,57646.53171711862,SL,0,0,-187.53558711862001
96,Trend Short,False,True,3121,1725409800000,3122,1725411600000,57140.02,57330.95843976044,56376.266240958226,190.9384397604432,318.230732934072,3122,1725411600000,56376.266240958226,TP,0,0,735.1837490417705
97,Trend Short,False,True,3131,1725427800000,3132,1725429600000,56252.01,56449.087934136325,55463.69826345472,197.07793413632103,328.4632235605351,3132,1725429600000,56449.087934136325,SL,0,0,-225.20393913632316
98,Trend Short,False,True,3174,1725505200000,3175,1725507000000,57085.7,57271.81915993286,56341.223360268545,186.11915993286235,310.1985998881039,3176,1725508800000,57135.42,SL,0,1,-78.26285000000117
99,Trend Short,False,True,3180,1725516000000,3181,1725517800000,56852.0,57034.6306391903,56121.4774432388,182.63063919030034,304.3843986505006,3182,1725519600000,56914.01,SL,0,1,-90.43600000000204
100,Trend Short,False,True,3186,1725526800000,3187,1725528600000,56820.37,56982.238525277455,56172.89589889019,161.86852527745316,269.78087546242193,3188,1725530400000,56797.0,SL,0,1,-5.040184999997383
101,Trend Short,False,True,3197,1725546600000,3198,1725548400000,56558.0,56767.66589355732,55719.3364257707,209.66589355732415,349.4431559288736,3199,1725550200000,55977.0,SL,2,1,552.721
102,Trend Short,False,True,3226,1725598800000,3227,1725600600000,56367.22,56536.08018287954,55691.779268481856,168.86018287953604,281.4336381325601,3227,1725600600000,56536.08018287954,SL,0,0,-197.04379287953628
103,Trend Short,False,True,3230,1725606000000,3231,1725607800000,55567.99,55764.30351018384,54782.73595926463,196.31351018384098,327.18918363973495,3231,1725607800000,55764.30351018384,SL,0,0,-224.09750518384158
104,Trend Short,False,True,3243,1725629400000,3244,1725631200000,55896.01,56141.65679614465,54913.42281542143,245.64679614464382,409.4113269077397,3244,1725631200000,54913.42281542143,TP,0,0,954.6391795785732
105,Range Short,False,False,3356,1725832800000,3357,1725834600000,55209.0,55339.30032624327,54883.24918439184,130.30032624326503,260.60065248653007,3357,1725834600000,54883.24918439184,TP,0,0,298.1463156081603
106,Trend Short,False,True,3389,1725892200000,3390,1725894000000,54840.0,55029.28415149341,54082.86339402635,189.28415149341157,315.4735858223526,3390,1725894000000,55029.28415149341,SL,0,0,-216.70415149341164
107,Trend Long,True,True,3398,1725908400000,3399,1725910200000,56871.5,56648.24665417738,57764.51338329046,223.25334582261576,372.0889097043596,3400,1725912000000,57089.53,SL,1,1,189.59424999999882
108,Trend Long,True,True,3402,1725915600000,3403,1725917400000,57671.99,57426.90394106519,58652.33423573925,245.08605893481183,408.47676489135307,3403,1725917400000,57426.90394106519,SL,0,0,-273.92205393480856
109,Trend Long,True,True,3422,1725951600000,3423,1725953400000,57100.0,56925.884720507886,57796.46111796846,174.11527949211458,290.19213248685764,3424,1725955200000,57218.56,SL,1,1,90.00999999999767
110,Trend Long,True,True,3432,1725969600000,3433,1725971400000,57354.17,57207.231242516056,57941.925029935766,146.9387574839419,244.8979291399032,3433,1725971400000,57207.231242516056,SL,0,0,-175.61584248394203
111,Trend Long,True,True,3520,1726128000000,3521,1726129800000,58311.1,58149.834434862794,58956.162260548816,161.2655651372035,268.7759418953392,3521,1726129800000,58149.834434862794,SL,0,0,-190.42111513720425
112,Range Short,False,False,3583,1726241400000,3584,1726243200000,59666.01,59840.15385593658,59230.65036015855,174.14385593658065,348.2877118731613,3585,1726245000000,59624.94,SL,1,1,11.236994999999709
113,Trend Long,True,True,3594,1726261200000,3595,1726263000000,60190.24,59992.46300238916,60981.34799044334,197.7769976108364,329.628329351394,3596,1726264800000,60283.85,SL,1,1,63.51488000000059
114,Trend Short,False,True,3725,1726497000000,3726,1726498800000,57604.0,57777.39164839862,56910.433406405544,173.39164839861462,288.9860806643577,3726,1726498800000,57777.39164839862,SL,0,0,-202.19364839861768
115,Trend Short,False,True,3745,1726533000000,3746,1726534800000,57630.01,57806.563943025765,56923.79422789695,176.55394302576258,294.2565717096043,3746,1726534800000,57806.563943025765,SL,0,0,-205.36894802576316
116,Trend Long,True,True,3798,1726628400000,3799,1726630200000,60609.99,60412.89703066374,61398.36187734502,197.09296933625606,328.48828222709346,3800,1726632000000,60510.0,SL,0,1,-130.29499499999795
117,Trend Long,True,True,3828,1726682400000,3829,1726684200000,60520.0,60280.902729147514,61476.38908340994,239.09727085248457,398.4954514208076,3829,1726684200000,60280.902729147514,SL,0,0,-269.35727085248595
118,Trend Long,True,True,3860,1726740000000,3861,1726741800000,62644.0,62458.58672934709,63385.65308261166,185.41327065291418,309.022117754857,3861,1726741800000,62458.58672934709,SL,0,0,-216.73527065291262
119,Trend Long,True,True,3864,1726747200000,3865,1726749000000,62870.01,62673.93567661605,63654.30729353581,196.0743233839515,326.7905389732525,3866,1726750800000,62924.06,SL,2,1,22.614994999995634
120,Trend Long,True,True,3868,1726754400000,3869,1726756200000,63332.87,63115.84681767574,64200.96272929707,217.02318232426714,361.7053038737786,3869,1726756200000,63115.84681767574,SL,0,0,-248.6896173242648
121,Trend Long,True,True,3873,1726763400000,3874,1726765200000,63556.92,63329.60981894686,64466.16072421256,227.31018105313993,378.8503017552332,3874,1726765200000,63329.60981894686,SL,0,0,-259.08864105313705
122,Trend Long,True,True,3891,1726795800000,3892,1726797600000,63037.99,62854.679791663824,63771.23083334469,183.31020833617302,305.5170138936217,3892,1726797600000,62854.679791663824,SL,0,0,-214.82920333617366
123,Trend Long,True,True,4094,1727161200000,4095,1727163000000,63428.63,63292.66508337648,63972.48966649405,135.9649166235144,226.608194372524,4096,1727164800000,63559.93,SL,1,1,99.58568500000291
124,Trend Long,True,True,4200,1727352000000,4201,1727353800000,64522.55,64389.0014589277,65056.74416428923,133.5485410723075,222.58090178717916,4201,1727353800000,64389.0014589277,SL,0,0,-165.80981607230495
125,Trend Long,True,True,4204,1727359200000,4205,1727361000000,64695.76,64530.58173074849,65356.473077006056,165.1782692515143,275.2971154191905,4205,1727361000000,64530.58173074849,SL,0,0,-197.52614925151167
126,Trend Long,True,True,4231,1727407800000,4232,1727409600000,65366.01,65189.15286605228,66073.43853579089,176.85713394772108,294.76188991286847,4233,1727411400000,65322.01,SL,0,1,-76.68300500000001
127,Trend Long,True,True,4235,1727415000000,4236,1727416800000,65354.59,65195.64065221051,65990.38739115794,158.94934778948505,264.91557964914176,4237,1727418600000,65467.15688407017,SL,0,1,79.88958907017646
128,Trend Long,True,True,4240,1727424000000,4241,1727425800000,65618.11,65462.83933899417,66239.19264402334,155.2706610058328,258.78443500972134,4242,1727427600000,65726.0,SL,1,1,75.08094499999942
129,Trend Long,True,True,4249,1727440200000,4250,1727442000000,65741.19,65588.29028169542,66352.78887321836,152.8997183045892,254.832863840982,4251,1727443800000,65588.29028169542,SL,0,1,-185.77031330458672
130,Trend Long,True,True,4252,1727445600000,4253,1727447400000,66280.1,66104.77361694054,66981.40553223788,175.32638305946907,292.21063843244843,4253,1727447400000,66104.77361694054,SL,0,0,-208.46643305946603
131,Trend Short,False,True,4404,1727719200000,4405,1727721000000,63172.86,63357.71644754153,62433.4342098339,184.8564475415259,308.0940792358765,4405,1727721000000,63357.71644754153,SL,0,0,-216.442877541526
132,Trend Short,False,True,4426,1727758800000,4427,1727760600000,63718.0,63873.32227631437,63096.7108947425,155.32227631437445,258.87046052395743,4428,1727762400000,63873.32227631437,SL,0,1,-187.18127631437127
133,Trend Short,False,True,4446,1727794800000,4447,1727796600000,62372.01,62573.69347897247,61565.27608411013,201.6834789724674,336.13913162077904,4447,1727796600000,62573.69347897247,SL,0,0,-232.86948397246712
134,Trend Short,False,True,4448,1727798400000,4449,1727800200000,62327.56,62547.92969360381,61446.081225584756,220.36969360381133,367.28282267301887,4450,1727802000000,62448.0,SL,3,1,-151.60378000000233
135,Trend Short,False,True,4482,1727859600000,4483,1727861400000,61524.37,61694.01325244455,60845.7969902218,169.6432524445491,282.7387540742485,4484,1727863200000,61271.24,SL,1,1,222.36781500000467
136,Trend Short,False,True,4489,1727872200000,4490,1727874000000,60798.8,60995.8300629098,60010.67974836082,197.03006290979684,328.3834381829947,4490,1727874000000,60995.8300629098,SL,0,0,-227.4294629097983
137,Trend Short,False,True,4588,1728050400000,4589,1728052200000,60952.0,61147.01556518767,60171.93773924932,195.01556518767026,325.02594197945047,4589,1728052200000,61147.01556518767,SL,0,0,-225.4915651876703
138,Trend Long,True,True,4717,1728282600000,4718,1728284400000,63705.99,63564.20957110893,64273.111715564286,141.78042889107115,236.30071481845192,4718,1728284400000,63564.20957110893,SL,0,0,-173.63342389107018
139,Trend Long,True,True,4731,1728307800000,4732,1728309600000,63457.37,63289.732946420205,64127.91821431919,167.6370535797952,279.3950892996587,4732,1728309600000,64127.91821431919,TP,0,0,638.8195293191839
140,Trend Long,True,True,4779,1728394200000,4780,1728396000000,63035.27,62877.334507778505,63667.01196888598,157.9354922214945,263.22582036915753,4780,1728396000000,62877.334507778505,SL,0,0,-189.45312722149157
141,Trend Short,False,True,4827,1728480600000,4828,1728482400000,61801.0,61916.0606697106,61340.757321157595,115.06066971060076,191.76778285100127,4828,1728482400000,61916.0606697106,SL,0,0,-145.96116971059772
142,Trend Short,False,True,4832,1728489600000,4833,1728491400000,61822.0,61982.30757441627,61180.7697023349,160.30757441627387,267.17929069378977,4834,1728493200000,61814.01,SL,0,1,-22.92100000000204
143,Trend Short,False,True,4836,1728496800000,4837,1728498600000,61434.01,61599.26986143542,60772.97055425831,165.25986143542286,275.43310239237144,4838,1728500400000,61196.0,SL,2,1,207.29299500000204
144,Trend Short,False,True,4841,1728505800000,4842,1728507600000,60420.01,60608.16587057838,59667.386517686515,188.15587057837212,313.5931176306202,4842,1728507600000,60608.16587057838,SL,0,0,-218.36587557837547
145,Trend Short,False,True,4865,1728549000000,4866,1728550800000,60815.71,60932.89252582166,60346.979896713354,117.18252582166124,195.30420970276876,4867,1728552600000,60669.77084194055,SL,1,1,115.53130305944562
146,Trend Short,False,True,4873,1728563400000,4874,1728565200000,60962.01,61095.66105612503,60427.40577549989,133.65105612502833,222.75176020838055,4874,1728565200000,61095.66105612503,SL,0,0,-164.13206112502522
147,Trend Short,False,True,4877,1728570600000,4878,1728572400000,60593.95,60751.446744377,59963.96302249199,157.49674437700236,262.4945739616706,4878,1728572400000,60751.446744377,SL,0,0,-187.79371937700014
148,Trend Short,False,True,4881,1728577800000,4882,1728579600000,60298.12,60474.830183052676,59591.2792677893,176.71018305267512,294.51697175445855,4883,1728581400000,60252.53,SL,3,1,15.440940000003781
149,Trend Long,True,True,4964,1728727200000,4965,1728729000000,62950.01,62855.94170888704,63326.283164451845,94.06829111296041,156.78048518826736,4966,1728730800000,63043.73,SL,2,1,62.24499500000116
150,Trend Long,True,True,4969,1728736200000,4970,1728738000000,63056.26,62954.19286240814,63464.52855036744,102.0671375918599,170.11189598643318,4971,1728739800000,63038.0,SL,0,1,-49.78813000000204
151,Trend Long,True,True,5026,1728838800000,5027,1728840600000,62741.59,62622.093041433116,63219.57783426752,119.49695856688074,199.1615976114679,5027,1728840600000,62622.093041433116,SL,0,0,-150.86775356688048
152,Trend Long,True,True,5067,1728912600000,5068,1728914400000,65150.01,64959.32440045392,65912.75239818431,190.685599546079,317.80933257679834,5068,1728914400000,65912.75239818431,TP,0,0,730.1673931843094
153,Trend Long,True,True,5085,1728945000000,5086,1728946800000,66454.01,66263.94924779248,67214.25300883004,190.0607522075102,316.76792034585037,5086,1728946800000,66263.94924779248,SL,0,0,-223.28775720751517
154,Trend Long,True,True,5102,1728975600000,5103,1728977400000,65749.99,65588.69218119828,66395.18127520691,161.29781880172524,268.82969800287543,5104,1728979200000,65638.74,SL,0,1,-144.124995
155,Trend Long,True,True,5158,1729076400000,5159,1729078200000,68118.11,67922.31062084633,68901.3075166147,195.7993791536769,326.3322985894615,5159,1729078200000,67922.31062084633,SL,0,0,-229.8584341536719
156,Trend Long,True,True,5262,1729263600000,5263,1729265400000,68659.22,68490.24809920159,69335.10760319361,168.9719007984024,281.61983466400403,5264,1729267200000,68735.34,SL,0,1,41.79038999999534
157,Trend Short,False,True,5424,1729555200000,5425,1729557000000,66948.01,67123.02195124423,66247.96219502306,175.0119512442308,291.6865854070513,5425,1729557000000,67123.02195124423,SL,0,0,-208.48595624423248
158,Trend Short,False,True,5440,1729584000000,5441,1729585800000,67031.1,67183.85969155545,66420.06123377822,152.759691555446,254.59948592574335,5441,1729585800000,67183.85969155545,SL,0,0,-186.27524155544592
159,Trend Short,False,True,5449,1729600200000,5450,1729602000000,66984.0,67145.65901159775,66337.36395360905,161.65901159773787,269.4316859962298,5450,1729602000000,67145.65901159775,SL,0,0,-195.1510115977451
160,Trend Short,False,True,5496,1729684800000,5497,1729686600000,66239.99,66390.54325438343,65637.77698246628,150.55325438342982,250.9220906390497,5497,1729686600000,66390.54325438343,SL,0,0,-183.673249383427
161,Trend Short,False,True,5502,1729695600000,5503,1729697400000,66144.44,66324.54543725925,65424.018250963025,180.105437259245,300.17572876540834,5504,1729699200000,66223.45,SL,1,1,-112.08221999999476
162,Trend Long,True,True,5559,1729798200000,5560,1729800000000,68309.79,68131.78057803589,69021.8276878564,178.0094219641028,296.6823699401714,5560,1729800000000,68131.78057803589,SL,0,0,-212.16431696410325
163,Trend Long,True,True,5562,1729803600000,5563,1729805400000,68612.0,68422.8034154318,69368.7863382728,189.19658456819772,315.3276409469962,5563,1729805400000,68422.8034154318,SL,0,0,-223.50258456819887
164,Range Short,False,False,5690,1730034000000,5691,1730035800000,67664.25,67727.95859453155,67504.97851367111,63.708594531553686,127.41718906310737,5692,1730037600000,67616.0,SL,0,1,14.417875000000002
165,Trend Long,True,True,5723,1730093400000,5724,1730095200000,67909.85,67801.20773979172,68344.41904083315,108.64226020828485,181.07043368047476,5725,1730097000000,67828.9,SL,0,1,-114.90492500001164
166,Trend Long,True,True,5732,1730109600000,5733,1730111400000,68739.99,68607.30844515303,69270.71621938793,132.68155484698136,221.13592474496895,5734,1730113200000,68625.86,SL,0,1,-148.49999500000467
167,Trend Long,True,True,5736,1730116800000,5737,1730118600000,68923.07,68787.19875635192,69466.55497459233,135.87124364808062,226.45207274680104,5738,1730120400000,68908.0,SL,0,1,-49.53153500000699
168,Trend Long,True,True,5763,1730165400000,5764,1730167200000,70310.58,70122.54676132085,71062.71295471664,188.03323867916075,313.3887311319346,5764,1730167200000,71062.71295471664,TP,0,0,716.9776647166387
169,Trend Long,True,True,5783,1730201400000,5784,1730203200000,71452.02,71291.84965014856,72092.70139940578,160.170349851442,266.9505830857367,5784,1730203200000,71291.84965014856,SL,0,0,-195.89635985143983
170,Trend Long,True,True,5787,1730208600000,5788,1730210400000,71803.99,71621.35886140913,72534.5145543635,182.63113859087454,304.3852309847909,5788,1730210400000,71621.35886140913,SL,0,0,-218.53313359087753
171,Trend Long,True,True,5791,1730215800000,5792,1730217600000,72402.0,72179.74012090551,73291.03951637796,222.25987909449145,370.43313182415244,5793,1730219400000,72706.01,SL,1,1,267.80899999999474
172,Trend Long,True,True,5797,1730226600000,5798,1730228400000,73170.0,72943.62125600353,74075.51497598588,226.37874399647038,377.29790666078395,5798,1730228400000,72943.62125600353,SL,0,0,-262.9637439964653
173,Trend Long,True,True,5848,1730318400000,5849,1730320200000,72303.16,72094.16632429167,73139.13470283334,208.99367570833496,348.32279284722495,5850,1730322000000,72857.14,SL,2,1,517.828419999996
174,Range Long,True,False,5883,1730381400000,5884,1730383200000,71308.0,71164.5472784618,71666.63180384549,143.45272153819906,286.9054430763981,5884,1730383200000,71164.5472784618,SL,0,0,-179.10672153819678
175,Range Long,True,False,5885,1730385000000,5886,1730386800000,70752.01,70586.03423500022,71166.94941249942,165.97576499977401,331.95152999954803,5887,1730388600000,70869.76,SL,1,1,82.37399500000001
176,Trend Short,False,True,5916,1730440800000,5917,1730442600000,69308.01,69507.35966368213,68510.61134527146,199.34966368213404,332.2494394702234,5917,1730442600000,69507.35966368213,SL,0,0,-234.00366868213644
177,Trend Short,False,True,6004,1730599200000,6005,1730601000000,68232.0,68369.72827626,67681.08689496,137.7282762599996,229.54712709999933,6006,1730602800000,68214.91,SL,2,1,-17.026000000003492
178,Trend Short,False,True,6026,1730638800000,6027,1730640600000,68375.63,68503.81685116266,67862.8825953494,128.186851162653,213.644751937755,6028,1730642400000,68048.13,SL,3,1,293.312185
179,Trend Short,False,True,6135,1730835000000,6136,1730836800000,68995.99,69271.28700897828,67894.80196408689,275.29700897828104,458.8283482971351,6136,1730836800000,69271.28700897828,SL,0,0,-309.7950039782757
180,Trend Long,True,True,6144,1730851200000,6145,1730853000000,70319.98,70022.55244261798,71509.69022952807,297.4275573820211,495.71259563670185,6146,1730854800000,71096.03,SL,2,1,740.8900100000029
181,Trend Long,True,True,6183,1730921400000,6184,1730923200000,75823.55,75460.06200946309,77277.50196214767,363.4879905369145,605.8133175615242,6185,1730925000000,75646.0,SL,1,1,-215.46177500000292
182,Trend Long,True,True,6208,1730966400000,6209,1730968200000,75016.28,74791.14980207598,75916.80079169612,225.1301979240292,375.2169965400487,6210,1730970000000,75075.066600692,SL,0,1,21.278460691993956
183,Trend Long,True,True,6229,1731004200000,6230,1731006000000,76604.0,76344.9295155727,77640.28193770921,259.0704844273022,431.7841407121703,6230,1731006000000,76344.9295155727,SL,0,0,-297.3724844272987
184,Trend Long,True,True,6371,1731259800000,6372,1731261600000,80333.01,80098.74214566912,81270.08141732351,234.26785433087773,390.4464238847962,6373,1731263400000,80839.99,SL,2,1,466.81349500001045
185,Trend Long,True,True,6403,1731317400000,6404,1731319200000,81695.34,81386.83770974781,82929.34916100874,308.50229025218476,514.1704837536413,6405,1731321000000,81935.23,SL,1,1,199.04232999999942
186,Trend Long,True,True,6413,1731335400000,6414,1731337200000,82484.91,82158.46619844431,83790.68520622278,326.4438015556939,544.0730025928232,6415,1731339000000,83745.0,SL,3,1,1218.8475449999964
187,Trend Long,True,True,6421,1731349800000,6422,1731351600000,85831.99,85440.69603149898,87397.16587400406,391.29396850101483,652.156614168358,6422,1731351600000,85440.69603149898,SL,0,0,-434.2099635010206
188,Trend Long,True,True,6424,1731355200000,6425,1731357000000,86834.74,86394.55362944725,88595.48548221098,440.186370552744,733.64395092124,6426,1731358800000,86922.66,SL,2,1,44.50262999999825
189,Trend Long,True,True,6445,1731393000000,6446,1731394800000,89545.46,89045.46,91545.46,500.0,901.2593233408436,6447,1731396600000,89347.98,SL,0,1,-242.25273000001047
190,Trend Long,True,True,6511,1731511800000,6512,1731513600000,92540.0,92040.0,94540.0,500.0,912.7164947694633,6513,1731515400000,92883.97,SL,0,1,297.7000000000012
191,Trend Long,True,True,6594,1731661200000,6595,1731663000000,89188.01,88790.98032766748,90776.12868933004,397.0296723325115,661.7161205541859,6596,1731664800000,89195.99,SL,0,1,-36.61400499998952
192,Trend Long,True,True,6599,1731670200000,6600,1731672000000,89741.24,89386.03512795756,91162.05948816978,355.20487204244426,592.0081200707405,6601,1731673800000,90284.2,SL,2,1,498.0893799999918
193,Trend Long,True,True,6603,1731677400000,6604,1731679200000,90148.0,89748.33792043928,91746.64831824283,399.6620795607104,666.1034659345174,6604,1731679200000,89748.33792043928,SL,0,0,-444.73607956071595
194,Trend Long,True,True,6608,1731686400000,6609,1731688200000,89632.99,89132.99,91632.99,500.0,837.8107595741826,6609,1731688200000,89132.99,SL,0,0,-544.816495
195,Trend Long,True,True,6616,1731700800000,6617,1731702600000,90904.53,90428.94933161771,92806.85267352914,475.58066838228325,792.6344473038055,6618,1731704400000,91302.48311053924,SL,0,1,352.50084553923796
196,Trend Long,True,True,6689,1731832200000,6690,1731834000000,90985.11,90770.07666274277,91845.24334902895,215.0333372572404,358.388895428734,6691,1731835800000,91135.98,SL,1,1,105.37744499999533
197,Range Short,False,False,6872,1732161600000,6873,1732163400000,96456.51,96754.22952334325,95712.21119164185,297.71952334325897,595.4390466865179,6873,1732163400000,96754.22952334325,SL,0,0,-345.9477783432576
198,Trend Long,True,True,6902,1732215600000,6903,1732217400000,98699.38,98293.7435611287,100321.92575548524,405.63643887130763,676.0607314521794,6903,1732217400000,98293.7435611287,SL,0,0,-454.98612887131185
199,Trend Long,True,True,7010,1732410000000,7011,1732411800000,98169.77,97975.46392238438,98946.99431046251,194.30607761562558,323.8434626927093,7012,1732413600000,98182.4,SL,1,1,-36.454885000009895
200,Trend Long,True,True,7052,1732485600000,7053,1732487400000,97560.0,97293.69382807631,98625.22468769475,266.3061719236866,443.843619872811,7054,1732489200000,97999.99,SL,2,1,391.21000000000527
201,Trend Long,True,True,7066,1732510800000,7067,1732512600000,98130.01,97857.87316758964,99218.55732964141,272.13683241035267,453.56138735058784,7068,1732514400000,98082.69,SL,0,1,-96.38500499999243
202,Trend Short,False,True,7120,1732608000000,7121,1732609800000,92484.01,92884.58301142027,90881.7179543189,400.5730114202744,667.6216857004573,7121,1732609800000,92884.58301142027,SL,0,0,-446.8150164202743
203,Trend Short,False,True,7124,1732615200000,7125,1732617000000,92996.0,93409.9424234479,91340.23030620841,413.94242344789825,689.9040390798305,7126,1732618800000,92327.99,SL,2,1,621.5119999999947
204,Trend Short,False,True,7206,1732762800000,7207,1732764600000,95164.0,95473.650544266,93925.39782293602,309.65054426599437,516.084240443324,7207,1732764600000,95473.650544266,SL,0,0,-357.2325442659982
205,Trend Long,True,True,7267,1732872600000,7268,1732874400000,96355.39,96135.2623690577,97235.9005237692,220.12763094230255,366.8793849038376,7269,1732876200000,96548.35,SL,1,1,144.7823050000064
206,Trend Long,True,True,7271,1732879800000,7272,1732881600000,97237.91,97011.41889126033,98143.87443495868,226.4911087396691,377.4851812327818,7273,1732883400000,97213.02,SL,0,1,-73.50895499999942
207,Trend Long,True,True,7277,1732890600000,7278,1732892400000,98002.01,97755.35902078924,98988.61391684301,246.65097921075207,411.08496535125346,7279,1732894200000,98085.9,SL,2,1,34.88899499999942
208,Trend Long,True,True,7360,1733040000000,7361,1733041800000,96949.99,96784.69316995083,97611.17732019669,165.29683004917183,275.49471674861974,7361,1733041800000,96784.69316995083,SL,0,0,-213.77182504917752
209,Trend Short,False,True,7466,1733230800000,7467,1733232600000,94539.68,94767.95830048938,93626.56679804243,228.2783004893898,380.46383414898304,7468,1733234400000,93715.98,SL,2,1,776.430159999997
210,Trend Long,True,True,7540,1733364000000,7541,1733365800000,99211.99,98811.29581578646,100814.76673685417,400.6941842135414,667.8236403559024,7541,1733365800000,100814.76673685417,TP,0,0,1553.1707418541682
211,Trend Long,True,True,7565,1733409000000,7566,1733410800000,103508.0,103101.11140638213,105135.55437447145,406.8885936178648,678.1476560297747,7566,1733410800000,103101.11140638213,SL,0,0,-458.6425936178704
212,Trend Long,True,True,7611,1733491800000,7612,1733493600000,98591.99,98188.75877195578,100204.91491217692,403.23122804422763,672.0520467403794,7613,1733495400000,99254.59,SL,1,1,613.3040049999913
213,Trend Long,True,True,7619,1733506200000,7620,1733508000000,100844.06,100378.70708439322,102705.47166242715,465.3529156067883,775.5881926779806,7621,1733509800000,101529.41,SL,1,1,634.9279700000059
214,Trend Long,True,True,7706,1733662800000,7707,1733664600000,100226.63,100004.24024788628,101116.1890084549,222.38975211372073,370.6495868562012,7708,1733666400000,100408.79,SL,0,1,132.04668499998894
215,Range Short,False,False,7727,1733700600000,7728,1733702400000,101109.6,101307.96506581352,100613.68733546622,198.36506581351327,396.73013162702654,7728,1733702400000,100613.68733546622,TP,0,0,445.35786453378194
216,Trend Short,False,True,7782,1733799600000,7783,1733801400000,95957.5,96457.5,93957.5,500.0,881.5450730389932,7783,1733801400000,96457.5,SL,0,0,-547.97875
217,Trend Short,False,True,7806,1733842800000,7807,1733844600000,96812.25,97202.90617858368,95249.6252856653,390.6561785836748,651.0936309727913,7808,1733846400000,95658.79,SL,2,1,1105.0538750000064
218,Trend Long,True,True,7877,1733970600000,7878,1733972400000,101824.77,101518.38924797784,103050.29300808861,306.3807520221543,510.6345867035905,7878,1733972400000,101518.38924797784,SL,0,0,-357.29313702215984
219,Trend Long,True,True,8039,1734262200000,8040,1734264000000,102671.44,102486.95752804655,103409.3698878138,184.48247195344882,307.4707865890814,8041,1734265800000,102741.56,SL,2,1,18.78427999999534
220,Trend Long,True,True,8060,1734300000000,8061,1734301800000,103168.01,102940.73793934022,104077.09824263908,227.272060659772,378.7867677662867,8062,1734303600000,103277.31,SL,4,1,57.71599500000291
221,Trend Long,True,True,8093,1734359400000,8094,1734361200000,105487.01,105148.12110346265,106842.56558614937,338.8888965373454,564.8148275622423,8095,1734363000000,106306.03,SL,2,1,766.276495000004
222,Trend Long,True,True,8096,1734364800000,8097,1734366600000,106759.99,106383.67740244442,108265.24039022237,376.3125975555935,627.1876625926559,8097,1734366600000,106383.67740244442,SL,0,0,-429.6925925555886
223,Trend Long,True,True,8100,1734372000000,8101,1734373800000,107750.47,107369.16283468386,109275.69866126461,381.30716531615263,635.5119421935877,8101,1734373800000,107369.16283468386,SL,0,0,-435.18240031614596
224,Trend Long,True,True,8140,1734444000000,8141,1734445800000,107730.71,107481.30926714298,108728.31293142811,249.40073285702636,415.66788809504396,8141,1734445800000,107481.30926714298,SL,0,0,-303.2660878570297
225,Trend Short,False,True,8212,1734573600000,8213,1734575400000,98945.55,99445.55,96945.55,500.0,849.0669956474501,8213,1734575400000,99445.55,SL,0,0,-549.472775
226,Trend Short,False,True,8233,1734611400000,8234,1734613200000,101987.99,102288.48067433597,100786.02730265618,300.4906743359584,500.81779055993064,8235,1734615000000,102179.99,SL,0,1,-242.993995
227,Trend Short,False,True,8238,1734620400000,8239,1734622200000,99916.23,100316.14541888837,98316.5683244465,399.91541888837463,666.5256981472911,8239,1734622200000,100316.14541888837,SL,0,0,-449.8735338883695
228,Trend Short,False,True,8242,1734627600000,8243,1734629400000,99530.45,99989.05019697186,97696.04921211257,458.6001969718577,764.3336616197629,8243,1734629400000,97696.04921211257,TP,0,0,1784.6355628874253
229,Trend Short,False,True,8247,1734636600000,8248,1734638400000,97199.72,97699.72,95199.72,500.0,1015.4345009590239,8249,1734640200000,96590.18,SL,1,1,560.9401400000081
230,Trend Short,False,True,8259,1734658200000,8260,1734660000000,96319.99,96819.99,94319.99,500.0,1059.9753851733067,8260,1734660000000,96819.99,SL,0,0,-548.159995
231,Trend Short,False,True,8272,1734681600000,8273,1734683400000,96640.5,97140.5,94640.5,500.0,881.5117154353571,8274,1734685200000,95473.74,SL,2,1,1118.4397499999948
232,Trend Short,False,True,8278,1734692400000,8279,1734694200000,93636.0,94136.0,91636.0,500.0,960.8349278121281,8280,1734696000000,92723.99,SL,1,1,865.1919999999948
233,Trend Short,False,True,8367,1734852600000,8368,1734854400000,96210.25,96490.94236572563,95087.4805370975,280.6923657256257,467.8206095427095,8368,1734854400000,96490.94236572563,SL,0,0,-328.7974907256266
234,Trend Short,False,True,8391,1734895800000,8392,1734897600000,94836.55,95163.4587193368,93528.91512265279,326.9087193368026,544.8478655613377,8393,1734899400000,95000.01,SL,0,1,-210.87827499999185
235,Trend Short,False,True,8400,1734912000000,8401,1734913800000,94705.01,95059.62452599792,93286.5518960083,354.61452599792403,591.0242099965401,8402,1734915600000,94390.83,SL,2,1,266.827494999993
236,Trend Short,False,True,8404,1734919200000,8405,1734921000000,94035.03,94422.2729484857,92486.05820605719,387.242948485701,645.404914142835,8405,1734921000000,94422.2729484857,SL,0,0,-434.26046348569844
237,Range Short,False,False,8475,1735047000000,8476,1735048800000,96085.02,96325.3394296605,95484.22142584877,240.31942966049579,480.63885932099157,8476,1735048800000,96325.3394296605,SL,0,0,-288.36193966049245
238,Range Short,False,False,8477,1735050600000,8478,1735052400000,97465.06,97740.48075822767,96776.50810443082,275.42075822767214,550.8415164553443,8478,1735052400000,97740.48075822767,SL,0,0,-324.1532882276722
239,Trend Long,True,True,8516,1735120800000,8517,1735122600000,98910.96,98647.74735169203,99963.81059323192,263.2126483079788,438.6877471799647,8517,1735122600000,98647.74735169203,SL,0,0,-312.6681283079774
240,Trend Long,True,True,8542,1735167600000,8543,1735169400000,99137.59,98856.32255918143,100262.65976327429,281.2674408185724,468.7790680309541,8544,1735171200000,99429.61,SL,2,1,242.45120500000408
241,Range Long,True,False,8560,1735200000000,8561,1735201800000,96181.06,95921.46413430359,96830.04966424103,259.5958656964133,519.1917313928266,8561,1735201800000,95921.46413430359,SL,0,0,-307.6863956964067
242,Trend Short,False,True,8573,1735223400000,8574,1735225200000,95449.36,95755.4407936162,94225.03682553522,306.08079361619605,510.13465602699347,8574,1735225200000,95755.4407936162,SL,0,0,-353.8054736162018
243,Trend Short,False,True,8720,1735488000000,8721,1735489800000,93980.0,94153.37130060402,93286.51479758389,173.37130060402617,288.95216767337695,8722,1735491600000,93900.01,SL,1,1,33.00000000000524
244,Trend Short,False,True,8731,1735507800000,8732,1735509600000,93352.65,93565.78025929484,92500.12896282059,213.13025929485087,355.2170988247515,8733,1735511400000,93310.0,SL,0,1,-4.026325000005819
245,Range Long,True,False,8765,1735569000000,8766,1735570800000,91884.0,91651.28964658381,92465.77588354047,232.71035341618506,465.4207068323701,8766,1735570800000,91651.28964658381,SL,0,0,-278.652353416187
246,Trend Short,False,True,8786,1735606800000,8787,1735608600000,92145.74,92504.2258781382,90711.79648744722,358.48587813819466,597.4764635636578,8787,1735608600000,92504.2258781382,SL,0,0,-404.5587481381918
247,Trend Short,False,True,8819,1735666200000,8820,1735668000000,94120.92,94496.6305602099,92618.07775916037,375.71056020990636,626.1842670165106,8821,1735669800000,93979.49,SL,0,1,94.36953999999301
248,Trend Long,True,True,8889,1735792200000,8890,1735794000000,95708.07,95470.1517453957,96659.7430184172,237.91825460429817,396.53042434049695,8890,1735794000000,95470.1517453957,SL,0,0,-285.7722896043012
249,Trend Long,True,True,8897,1735806600000,8898,1735808400000,96150.0,95926.11028455352,97045.5588617859,223.88971544647742,373.14952574412905,8899,1735810200000,96393.51,SL,2,1,195.43499999999477
250,Trend Long,True,True,8909,1735828200000,8910,1735830000000,97256.48,97003.86133421582,98266.95466313667,252.61866578416954,421.0311096402826,8910,1735830000000,97003.86133421582,SL,0,0,-301.2469057841754
251,Range Short,False,False,8960,1735920000000,8961,1735921800000,98066.0,98274.9822629792,97543.544342552,208.98226297919913,417.96452595839827,8961,1735921800000,98274.9822629792,SL,0,0,-258.0152629792034
252,Trend Long,True,True,9082,1736139600000,9083,1736141400000,99660.13,99450.66999517969,100497.97001928127,209.46000482031735,349.10000803386225,9084,1736143200000,99600.0,SL,0,1,-109.96006500000466
253,Trend Long,True,True,9094,1736161200000,9095,1736163000000,99248.69,99045.69406435265,100060.67374258941,202.99593564735076,338.3265594122513,9096,1736164800000,99259.99,SL,1,1,-38.324344999997095
254,Trend Short,False,True,9174,1736305200000,9175,1736307000000,96612.26,96903.87787704238,95445.78849183043,291.6178770423913,486.0297950706522,9176,1736308800000,96525.2,SL,1,1,38.753869999997676
255,Trend Short,False,True,9181,1736317800000,9182,1736319600000,95284.31,95587.4272936171,94071.84082553156,303.1172936171102,505.1954893618504,9182,1736319600000,95587.4272936171,SL,0,0,-350.75944861710605
256,Trend Short,False,True,9191,1736335800000,9192,1736337600000,95134.92,95435.45470641094,93932.78117435626,300.5347064109348,500.891177351558,9193,1736339400000,95117.56,SL,0,1,-30.207459999999415
257,Trend Short,False,True,9198,1736348400000,9199,1736350200000,94797.38,95161.00913551585,93342.8634579366,363.62913551584995,606.0485591930833,9199,1736350200000,95161.00913551585,SL,0,0,-411.0278255158464
258,Trend Short,False,True,9202,1736355600000,9203,1736357400000,93016.38,93450.65495005905,91279.28019976383,434.27495005904296,723.7915834317383,9203,1736357400000,93450.65495005905,SL,0,0,-480.7831400590435
259,Trend Short,False,True,9220,1736388000000,9221,1736389800000,94484.36,94879.4042767359,92904.18289305635,395.04427673591266,658.4071278931877,9222,1736391600000,94777.0,SL,0,1,-339.88217999999944
260,Trend Short,False,True,9231,1736407800000,9232,1736409600000,93221.59,93537.80638411747,91956.72446353007,316.2163841174801,527.0273068624668,9233,1736411400000,92990.01,SL,1,1,184.96920500000175
261,Trend Short,False,True,9242,1736427600000,9243,1736429400000,92872.02,93193.68022482743,91585.37910069029,321.66022482742807,536.1003747123801,9244,1736431200000,91986.41,SL,2,1,839.1739900000006
262,Trend Short,False,True,9251,1736443800000,9252,1736445600000,92693.11,93128.64138154482,90950.98447382076,435.53138154481024,725.8856359080171,9253,1736447400000,92756.01,SL,0,1,-109.24655499999417
263,Trend Short,False,True,9255,1736451000000,9256,1736452800000,91909.59,92344.96600859801,90168.08596560794,435.3760085980143,725.6266809966905,9256,1736452800000,92344.96600859801,SL,0,0,-481.3308035980175
264,Trend Short,False,True,9291,1736515800000,9292,1736517600000,93557.23,93884.39539699597,92248.56841201612,327.16539699596865,545.2756616599478,9292,1736517600000,93884.39539699597,SL,0,0,-373.9440119959734
265,Trend Short,False,True,9294,1736521200000,9295,1736523000000,93269.55,93701.12371545195,91543.25513819221,431.5737154519473,719.2895257532455,9295,1736523000000,93701.12371545195,SL,0,0,-478.2084904519447
266,Trend Short,False,True,9404,1736719200000,9405,1736721000000,93916.09,94083.83357490068,93245.11570039729,167.74357490067666,279.5726248344611,9405,1736721000000,94083.83357490068,SL,0,0,-214.7016199006836
267,Trend Long,True,True,9483,1736861400000,9484,1736863200000,96336.0,96001.13471367843,97675.46114528626,334.86528632156336,558.1088105359389,9485,1736865000000,96791.75,SL,2,1,407.582
268,Trend Long,True,True,9529,1736944200000,9530,1736946000000,96942.92,96705.67992497934,97891.88030008266,237.24007502066488,395.4001250344415,9531,1736947800000,97286.6,SL,4,1,295.2085400000076
269,Trend Long,True,True,9534,1736953200000,9535,1736955000000,99712.45,99378.30718893421,101049.02124426316,334.1428110657901,556.9046851096502,9535,1736955000000,99378.30718893421,SL,0,0,-383.9990360657871
270,Trend Long,True,True,9543,1736969400000,9544,1736971200000,99844.91,99524.64463663207,101125.97145347172,320.26536336792844,533.7756056132141,9545,1736973000000,100179.62,SL,2,1,284.78754499999184
271,Trend Long,True,True,9616,1737100800000,9617,1737102600000,101900.0,101615.13755625009,103039.44977499962,284.86244374990486,474.7707395831748,9618,1737104400000,102136.0,SL,1,1,185.05
272,Trend Long,True,True,9620,1737108000000,9621,1737109800000,102232.64,101960.62011641136,103320.71953435455,272.0198835886359,453.3664726477265,9622,1737111600000,102321.54,SL,0,1,37.78367999999418
273,Trend Long,True,True,9629,1737124200000,9630,1737126000000,103379.23,103091.7616827024,104529.10326919035,287.4683172975889,479.1138621626482,9631,1737127800000,103963.32,SL,2,1,532.400385000011
274,Trend Long,True,True,9632,1737129600000,9633,1737131400000,104601.95,104276.81959580802,105902.47161676793,325.13040419198444,541.8840069866408,9634,1737133200000,104972.81,SL,1,1,318.5590250000006
275,Trend Long,True,True,9638,1737140400000,9639,1737142200000,105409.29,105037.92878124236,106894.73487503054,371.3612187576375,618.9353645960625,9640,1737144000000,105741.4329270808,SL,0,1,279.43828208080026
276,Trend Long,True,True,9675,1737207000000,9676,1737208800000,104365.81,104039.74188942232,105670.0824423107,326.0681105776746,543.446850962791,9677,1737210600000,104187.87,SL,0,1,-230.12290500000233
277,Trend Long,True,True,9816,1737460800000,9817,1737462600000,104454.7,103954.7,106454.7,500.0,873.7560860218808,9818,1737464400000,104519.98,SL,0,1,13.052649999998835
278,Trend Long,True,True,9824,1737475200000,9825,1737477000000,105412.86,104912.86,107412.86,500.0,1044.6008701474937,9825,1737477000000,104912.86,SL,0,0,-552.70643
279,Trend Short,False,True,9907,1737624600000,9908,1737626400000,101672.0,102006.63981711109,100333.44073155565,334.6398171110886,557.733028518481,9908,1737626400000,102006.63981711109,SL,0,0,-385.4758171110923
280,Trend Long,True,True,9965,1737729000000,9966,1737730800000,105758.0,105386.39695630678,107244.4121747729,371.60304369322324,619.3384061553721,9966,1737730800000,105386.39695630678,SL,0,0,-424.4820436932197
281,Trend Long,True,True,9970,1737738000000,9971,1737739800000,106478.22,106103.1332448013,107978.56702079481,375.08675519870445,625.1445919978407,9972,1737741600000,106458.47,SL,1,1,-72.98911000000001
282,Trend Long,True,True,10250,1738242000000,10251,1738243800000,105259.14,105023.9533510916,106199.8865956336,235.18664890840012,391.9777481806669,10251,1738243800000,105023.9533510916,SL,0,0,-287.8162189084059
283,Trend Long,True,True,10253,1738247400000,10254,1738249200000,105920.57,105636.16362330476,107058.19550678099,284.4063766952457,474.01062782540953,10254,1738249200000,105636.16362330476,SL,0,0,-337.36666169524585
284,Trend Long,True,True,10294,1738321200000,10295,1738323000000,104823.5,104600.61684582636,105715.03261669456,222.8831541736385,371.47192362273086,10295,1738323000000,104600.61684582636,SL,0,0,-275.29490417364354
285,Range Long,True,False,10309,1738348200000,10310,1738350000000,102627.29,102349.66472445992,103321.35318885019,277.62527554007846,555.2505510801569,10310,1738350000000,102349.66472445992,SL,0,0,-328.9389205400783
286,Trend Short,False,True,10339,1738402200000,10340,1738404000000,101675.99,101871.16837071127,100895.27651715493,195.17837071126996,325.2972845187833,10340,1738404000000,101871.16837071127,SL,0,0,-246.0163657112627
287,Trend Short,False,True,10347,1738416600000,10348,1738418400000,101869.04,102049.04194936434,101149.03220254257,180.00194936435548,300.00324894059247,10348,1738418400000,102049.04194936434,SL,0,0,-230.93646936434854
288,Trend Short,False,True,10358,1738436400000,10359,1738438200000,101806.86,101975.5268530759,101132.1925876964,168.66685307590217,281.1114217931703,10360,1738440000000,101669.6,SL,2,1,86.35656999999476
289,Trend Short,False,True,10364,1738447200000,10365,1738449000000,100730.0,100951.94897415092,99842.2041033963,221.94897415092277,369.9149569182046,10365,1738449000000,100951.94897415092,SL,0,0,-272.3139741509169
290,Trend Short,False,True,10373,1738463400000,10374,1738465200000,100452.16,100684.86880699388,99521.32477202448,232.7088069938784,387.848011656464,10374,1738465200000,100684.86880699388,SL,0,0,-282.9348869938764
291,Trend Short,False,True,10375,1738467000000,10376,1738468800000,99206.85,99486.68823664269,98087.49705342928,279.83823664268056,466.39706107113426,10376,1738468800000,99486.68823664269,SL,0,0,-329.4416616426813
292,Trend Short,False,True,10383,1738481400000,10384,1738483200000,99643.3,99917.78896939743,98545.34412241033,274.48896939741974,457.48161566236627,10385,1738485000000,99753.74,SL,0,1,-160.26165000000233
293,Trend Short,False,True,10388,1738490400000,10389,1738492200000,99368.33,99643.40105472138,98268.04578111444,275.0710547213887,458.4517578689812,10389,1738492200000,99643.40105472138,SL,0,0,-324.7552197213821
294,Trend Short,False,True,10393,1738499400000,10394,1738501200000,98178.0,98469.34808268257,97012.60766926974,291.34808268256654,485.58013780427757,10394,1738501200000,98469.34808268257,SL,0,0,-340.4370826825689
295,Trend Short,False,True,10401,1738513800000,10402,1738515600000,98264.01,98580.57198491272,96997.7620603491,316.5619849127255,527.6033081878759,10403,1738517400000,97848.0,SL,2,1,366.87799499999477
296,Trend Short,False,True,10474,1738645200000,10475,1738647000000,98839.49,99274.9124283515,97097.80028659405,435.4224283514875,725.7040472524792,10475,1738647000000,99274.9124283515,SL,0,0,-484.8421733514923
297,Trend Short,False,True,10479,1738654200000,10480,1738656000000,98448.01,98883.12225577867,96707.5609768853,435.1122557786727,725.1870929644546,10481,1738657800000,98639.81,SL,1,1,-241.02400500000292
298,Trend Short,False,True,10491,1738675800000,10492,1738677600000,99007.22,99372.22983998743,97547.18064005033,365.00983998741964,608.3497333123661,10493,1738679400000,99239.99,SL,0,1,-282.27361000000406
299,Trend Short,False,True,10494,1738681200000,10495,1738683000000,98994.14,99451.1598653252,97166.06053869918,457.0198653252052,761.6997755420088,10495,1738683000000,99451.1598653252,SL,0,0,-506.51693532520096
300,Trend Short,False,True,10590,1738854000000,10591,1738855800000,97582.02,97883.77493669406,96375.00025322378,301.7549366940553,502.92489449009213,10592,1738857600000,97333.09,SL,1,1,200.13899000000757
301,Trend Short,False,True,10593,1738859400000,10594,1738861200000,96586.96,96908.29924340993,95301.6030263603,321.3392434099275,535.5654056832126,10595,1738863000000,96814.45,SL,0,1,-275.7834799999907
302,Trend Short,False,True,10596,1738864800000,10597,1738866600000,96170.19,96497.49403563105,94860.97385747578,327.3040356310543,545.5067260517573,10597,1738866600000,96497.49403563105,SL,0,0,-375.3891306310521
303,Trend Short,False,True,10642,1738947600000,10643,1738949400000,97436.0,97893.63120643968,95605.47517424126,457.63120643968404,762.7186773994734,10644,1738951200000,97893.63120643968,SL,0,1,-506.34920643967706
304,Trend Short,False,True,10727,1739100600000,10728,1739102400000,96554.01,96690.21810126063,96009.17759495747,136.20810126063304,227.01350210105508,10728,1739102400000,96690.21810126063,SL,0,0,-184.4851062606359
305,Trend Short,False,True,10730,1739106000000,10731,1739107800000,96204.0,96350.8488966726,95616.6044133096,146.84889667259858,244.74816112099765,10732,1739109600000,95877.93,SL,2,1,277.968000000007
306,Trend Short,False,True,10838,1739300400000,10839,1739302200000,95036.38,95293.00885445043,94009.86458219831,256.6288544504236,427.71475741737265,10839,1739302200000,95293.00885445043,SL,0,0,-304.1470444504205
307,Trend Short,False,True,10845,1739313000000,10846,1739314800000,95580.24,95871.39637241217,94415.61451035136,291.1563724121615,485.2606206869358,10846,1739314800000,95871.39637241217,SL,0,0,-338.9464924121661
308,Trend Short,False,True,10853,1739327400000,10854,1739329200000,95579.13,95848.1898062447,94502.89077502124,269.0598062446908,448.43301040781796,10855,1739331000000,95700.01,SL,1,1,-168.66956499999011
309,Trend Short,False,True,10866,1739350800000,10867,1739352600000,96139.99,96353.4862485207,95286.00500591725,213.49624852068888,355.8270808678148,10868,1739354400000,96129.28,SL,0,1,-37.3599949999936
310,Range Long,True,False,11067,1739712600000,11068,1739714400000,96842.37,96759.78503590036,97048.83241024907,82.5849640996294,165.1699281992588,11068,1739714400000,96759.78503590036,SL,0,0,-131.0061490996312
311,Trend Short,False,True,11102,1739775600000,11103,1739777400000,96147.46,96313.01513877278,95485.2394449089,165.55513877277528,275.9252312879588,11104,1739779200000,96068.21,SL,1,1,31.176269999999995
312,Trend Short,False,True,11119,1739806200000,11120,1739808000000,95659.45,95860.2292871462,94856.33285141521,200.7792871461976,334.63214524366265,11120,1739808000000,95860.2292871462,SL,0,0,-248.60901214620066
313,Range Long,True,False,11171,1739899800000,11172,1739901600000,94102.16,93891.65017734098,94628.43455664754,210.509822659014,421.019645318028,11172,1739901600000,93891.65017734098,SL,0,0,-257.56090265901986
314,Trend Long,True,True,11256,1740052800000,11257,1740054600000,97417.09,97283.39867940758,97951.8552823697,133.69132059242412,222.81886765404022,11258,1740056400000,97428.37,SL,0,1,-37.428545000001165
315,Trend Long,True,True,11259,1740058200000,11260,1740060000000,97562.2,97428.20579980264,98098.17680078944,133.99420019736024,223.3236669956004,11261,1740061800000,97796.31,SL,2,1,185.32890000000057
316,Trend Long,True,True,11264,1740067200000,11265,1740069000000,97701.13,97482.63691782465,98575.10232870142,218.49308217535597,364.1551369589266,11266,1740070800000,97550.73,SL,0,1,-199.25056500000875
317,Trend Long,True,True,11268,1740074400000,11269,1740076200000,98280.79,98059.1570638273,99167.32174469078,221.63293617269764,369.3882269544961,11270,1740078000000,98295.09,SL,0,1,-34.84039499999709
318,Trend Long,True,True,11301,1740133800000,11302,1740135600000,98612.0,98460.91370915202,99216.34516339192,151.08629084797946,251.81048474663243,11303,1740137400000,98769.41,SL,1,1,108.10400000000348
319,Trend Long,True,True,11304,1740139200000,11305,1740141000000,98862.79,98706.64766290342,99487.35934838631,156.14233709657861,260.2372284942977,11306,1740142800000,98903.99,SL,2,1,-8.231394999988353
320,Trend Short,False,True,11405,1740321000000,11406,1740322800000,95593.88,95705.94249997899,95145.63000008409,112.06249997898077,186.77083329830128,11406,1740322800000,95705.94249997899,SL,0,0,-159.85943997898704
321,Trend Short,False,True,11407,1740324600000,11408,1740326400000,95436.19,95554.28491069617,94963.81035721536,118.09491069616134,196.8248511602689,11408,1740326400000,95554.28491069617,SL,0,0,-165.81300569616343
322,Trend Short,False,True,11409,1740328200000,11410,1740330000000,95420.51,95537.86350973291,94951.09596106833,117.35350973291463,195.58918288819106,11411,1740331800000,95267.05783657765,SL,1,1,105.74190842234927
323,Trend Short,False,True,11420,1740348000000,11421,1740349800000,95615.31,95729.02836755045,95160.43652979823,113.71836755044325,189.5306125840721,11421,1740349800000,95729.02836755045,SL,0,0,-161.52602255044934
324,Trend Short,False,True,11484,1740463200000,11485,1740465000000,91560.0,91921.43155860367,90114.27376558531,361.43155860367034,602.3859310061173,11486,1740466800000,91276.0,SL,4,1,238.22
325,Trend Short,False,True,11501,1740493800000,11502,1740495600000,87157.25,87657.25,85157.25,500.0,903.8541580743341,11503,1740497400000,86620.22,SL,1,1,493.45137499999885
326,Range Long,True,False,11548,1740578400000,11549,1740580200000,85897.16,85583.08299758885,86682.35250602788,314.07700241115054,628.1540048223011,11549,1740580200000,86682.35250602788,TP,0,0,742.2439260278736
327,Trend Short,False,True,11555,1740591000000,11556,1740592800000,86051.33,86551.33,84051.33,500.0,839.2042317551665,11557,1740594600000,85152.72,SL,3,1,855.5843350000006
328,Trend Short,False,True,11608,1740686400000,11609,1740688200000,82923.01,83346.21042074148,81230.20831703405,423.2004207414878,705.3340345691463,11609,1740688200000,83346.21042074148,SL,0,0,-464.6619257414866
329,Trend Short,False,True,11618,1740704400000,11619,1740706200000,83177.27,83599.00426672694,81490.33293309226,421.73426672693535,702.8904445448923,11619,1740706200000,81490.33293309226,TP,0,0,1645.348431907747
330,Trend Short,False,True,11621,1740709800000,11622,1740711600000,80805.5,81305.5,78805.5,500.0,975.8854834785457,11622,1740711600000,81305.5,SL,0,0,-540.40275
331,Trend Short,False,True,11686,1740826800000,11687,1740828600000,84461.71,84769.60317429474,83230.13730282107,307.8931742947356,513.1552904912261,11688,1740830400000,84769.60317429474,SL,0,1,-350.1240292947316
332,Trend Short,False,True,11834,1741093200000,11835,1741095000000,82568.01,83030.43036222551,80718.32855109792,462.42036222551917,770.7006037091986,11835,1741095000000,83030.43036222551,SL,0,0,-503.7043672255154
333,Trend Long,True,True,11880,1741176000000,11881,1741177800000,90380.0,89957.41626534941,92070.33493860233,422.5837346505835,704.3062244176392,11882,1741179600000,90355.97,SL,0,1,-69.21999999999883
334,Trend Long,True,True,11907,1741224600000,11908,1741226400000,91057.2,90590.58425378299,92923.66298486802,466.6157462170067,777.6929103616778,11909,1741228200000,91296.0,SL,1,1,193.27140000000293
335,Trend Long,True,True,11913,1741235400000,11914,1741237200000,92287.45,91855.4599602783,94015.41015888679,431.99003972169993,719.9833995361665,11915,1741239000000,92426.53,SL,0,1,92.93627500000176
336,Trend Long,True,True,11924,1741255200000,11925,1741257000000,91663.91,91293.3160857651,93146.28565693965,370.5939142349127,617.6565237248545,11925,1741257000000,91293.3160857651,SL,0,0,-416.4258692349089
337,Trend Long,True,True,11934,1741273200000,11935,1741275000000,90889.97,90431.53234685065,92723.72061259739,458.437653149347,764.0627552489117,11936,1741276800000,90820.69,SL,0,1,-114.72498499999884
338,Trend Short,False,True,12069,1741516200000,12070,1741518000000,84844.11,85018.30642786248,84147.32428855008,174.1964278624813,290.32737977080217,12070,1741518000000,85018.30642786248,SL,0,0,-216.61848286248005
339,Trend Short,False,True,12072,1741521600000,12073,1741523400000,84619.77,84823.9454854278,83803.06805828882,204.17548542779568,340.2924757129928,12074,1741525200000,84600.0,SL,1,1,-22.539884999995927
340,Trend Short,False,True,12075,1741527000000,12076,1741528800000,83489.96,83730.02631249449,82529.69475002207,240.0663124944845,400.11052082414085,12077,1741530600000,83346.02,SL,1,1,102.19502000000233
341,Trend Short,False,True,12113,1741595400000,12114,1741597200000,81350.46,81733.28024362698,79819.17902549209,382.8202436269788,638.033739378298,12114,1741597200000,81733.28024362698,SL,0,0,-423.4954736269785
342,Trend Short,False,True,12129,1741624200000,12130,1741626000000,79009.01,79509.01,77009.01,500.0,990.4924524486441,12131,1741627800000,79072.76,SL,1,1,-103.254505
343,Trend Short,False,True,12133,1741631400000,12134,1741633200000,77655.25,78155.25,75655.25,500.0,1005.0632026860087,12134,1741633200000,78155.25,SL,0,0,-538.827625
344,Trend Short,False,True,12144,1741651200000,12145,1741653000000,77309.01,77809.01,75309.01,500.0,968.9837438105636,12146,1741654800000,77673.6,SL,0,1,-403.24450500001103
345,Trend Short,False,True,12493,1742279400000,12494,1742281200000,82450.02,82659.51742694945,81612.03029220222,209.49742694944487,349.1623782490748,12494,1742281200000,82659.51742694945,SL,0,0,-250.72243694944143
346,Trend Short,False,True,12507,1742304600000,12508,1742306400000,81365.78,81597.81014313191,80437.65942747233,232.0301431319163,386.7169052198605,12508,1742306400000,81597.81014313191,SL,0,0,-272.7130331319094
347,Trend Long,True,True,12559,1742398200000,12560,1742400000000,84733.05,84500.13911518943,85664.69353924227,232.9108848105672,388.18480801761206,12560,1742400000000,84500.13911518943,SL,0,0,-275.277409810568
348,Trend Long,True,True,12593,1742459400000,12594,1742461200000,86241.06,86008.80932295867,87170.06270816532,232.25067704133184,387.0844617355531,12594,1742461200000,86008.80932295867,SL,0,0,-275.3712070413311
349,Trend Long,True,True,12603,1742477400000,12604,1742479200000,85513.44,85276.94887531629,86459.40449873488,236.49112468371715,394.15187447286195,12604,1742479200000,86459.40449873488,TP,0,0,903.2077787348729
350,Trend Short,False,True,12728,1742702400000,12729,1742704200000,84103.45,84183.68610801337,83782.50556794653,80.23610801336537,133.7268466889423,12731,1742707800000,84183.68610801337,SL,0,2,-122.28783301337054
351,Trend Long,True,True,12746,1742734800000,12747,1742736600000,84964.2,84871.20376546896,85336.18493812415,92.99623453103794,154.99372421839658,12747,1742736600000,84871.20376546896,SL,0,0,-135.47833453103414
352,Trend Long,True,True,12789,1742812200000,12790,1742814000000,87801.28,87599.8986309771,88606.80547609163,201.3813690229061,335.63561503817687,12790,1742814000000,87599.8986309771,SL,0,0,-245.2820090228999
353,Trend Long,True,True,12795,1742823000000,12796,1742824800000,87704.47,87504.07079898415,88506.0668040634,200.39920101585065,333.9986683597511,12796,1742824800000,88506.0668040634,TP,0,0,757.7445690634034
354,Trend Long,True,True,12835,1742895000000,12836,1742896800000,87221.65,87021.29236864224,88023.080525431,200.3576313577498,333.9293855962497,12836,1742896800000,87021.29236864224,SL,0,0,-243.9684563577505
355,Trend Long,True,True,12842,1742907600000,12843,1742909400000,87689.12,87481.88493758424,88518.06024966302,207.2350624157556,345.391770692926,12843,1742909400000,87481.88493758424,SL,0,0,-251.07962241575524
356,Trend Long,True,True,12845,1742913000000,12846,1742914800000,88022.39,87773.41850214015,89018.27599143938,248.97149785984533,414.95249643307557,12847,1742916600000,87978.66,SL,0,1,-87.74119499999593
357,Range Long,True,False,12938,1743080400000,12939,1743082200000,86341.25,86184.82291852892,86732.3177036777,156.42708147108056,312.8541629421611,12939,1743082200000,86184.82291852892,SL,0,0,-199.59770647107624
358,Range Long,True,False,12970,1743138000000,12971,1743139800000,85975.72,85815.98562266598,86375.05594333506,159.7343773340205,319.468754668041,12972,1743141600000,86059.02,SL,1,1,40.312140000002906
359,Trend Short,False,True,12985,1743165000000,12986,1743166800000,85028.27,85248.26843984886,84148.27624060455,219.99843984886374,366.6640664147729,12986,1743166800000,85248.26843984886,SL,0,0,-262.5125748488596
360,Trend Short,False,True,12988,1743170400000,12989,1743172200000,84361.14,84620.59155260494,83323.33378958024,259.451552604939,432.419254341565,12990,1743174000000,84172.01,SL,1,1,146.94943000000467
361,Trend Short,False,True,13027,1743240600000,13028,1743242400000,83544.8,83707.01082494487,82895.95670022054,162.2108249448662,270.35137490811036,13029,1743244200000,83411.45,SL,3,1,91.57760000000582
362,Trend Short,False,True,13030,1743246000000,13031,1743247800000,82501.49,82695.91520714427,81723.78917142293,194.42520714426746,324.04201190711245,13032,1743249600000,82293.56,SL,2,1,166.67925500000757
363,Trend Short,False,True,13036,1743256800000,13037,1743258600000,82540.0,82743.58946627824,81725.64213488704,203.5894662782425,339.3157771304042,13039,1743262200000,82542.47,SL,0,2,-43.74000000000117
364,Trend Short,False,True,13041,1743265800000,13042,1743267600000,82198.44,82382.34193910062,81462.83224359756,183.901939100612,306.50323183435336,13043,1743269400000,82198.46,SL,2,1,-41.11922000000408
365,Trend Short,False,True,13105,1743381000000,13106,1743382800000,81646.9,81878.95842054287,80718.66631782848,232.05842054288016,386.7640342381336,13106,1743382800000,81878.95842054287,SL,0,0,-272.88187054287494
366,Trend Short,False,True,13180,1743516000000,13181,1743517800000,82970.12,83197.5304161698,82060.47833532076,227.41041616981025,379.01736028301707,13181,1743517800000,83197.5304161698,SL,0,0,-268.8954761698051
367,Trend Long,True,True,13230,1743606000000,13231,1743607800000,86556.16,86263.2081852654,87727.96725893843,292.9518147346061,488.2530245576769,13232,1743609600000,86757.67,SL,2,1,158.23191999999477
368,Range Long,True,False,13273,1743683400000,13274,1743685200000,81949.06,81723.70824144328,82512.43939639177,225.35175855671005,450.7035171134201,13275,1743687000000,82000.01,SL,2,1,9.975469999997088
369,Range Long,True,False,13277,1743690600000,13278,1743692400000,81532.0,81267.09328714239,82194.26678214404,264.90671285761687,529.8134257152337,13278,1743692400000,81267.09328714239,SL,0,0,-305.6727128576135
370,Trend Short,False,True,13316,1743760800000,13317,1743762600000,82924.0,83228.78857876627,81704.8456849349,304.78857876627364,507.9809646104561,13318,1743764400000,82565.21,SL,2,1,317.3279999999936
371,Trend Short,False,True,13417,1743942600000,13418,1743944400000,82698.0,82828.4754202316,82176.09831907363,130.47542023159104,217.4590337193184,13418,1743944400000,82828.4754202316,SL,0,0,-171.8244202315962
372,Trend Short,False,True,13419,1743946200000,13420,1743948000000,82306.01,82448.21329601601,81737.19681593594,142.20329601601455,237.00549336002427,13420,1743948000000,82448.21329601601,SL,0,0,-183.35630101601407
373,Trend Short,False,True,13424,1743955200000,13425,1743957000000,82339.43,82504.63655813737,81678.6037674505,165.20655813737213,275.34426356228687,13426,1743958800000,81969.99,SL,3,1,328.2702849999878
374,Trend Short,False,True,13526,1744138800000,13527,1744140600000,76858.6,77271.77662376453,75205.89350494192,413.17662376451904,688.6277062741984,13528,1744142400000,76854.05,SL,0,1,-33.879299999997095
375,Trend Short,False,True,13538,1744160400000,13539,1744162200000,74690.58,75112.74160174244,73001.93359303023,422.1616017424404,703.602669570734,13539,1744162200000,75112.74160174244,SL,0,0,-459.5068917424385
376,Trend Short,False,True,13558,1744196400000,13559,1744198200000,76569.42,76962.03164706711,74998.97341173158,392.61164706710537,654.3527451118423,13560,1744200000000,76230.01,SL,1,1,301.1252900000035
377,Range Long,True,False,13615,1744299000000,13616,1744300800000,78757.24,78418.63061133365,79603.76347166591,338.6093886663606,677.2187773327212,13617,1744302600000,78853.99,SL,1,1,57.371379999999995
378,Trend Long,True,True,13650,1744362000000,13651,1744363800000,82062.74,81741.80825723507,83346.46697105972,320.9317427649307,534.8862379415511,13652,1744365600000,82450.0,SL,2,1,346.2286299999948
379,Trend Long,True,True,13659,1744378200000,13660,1744380000000,82930.67,82588.11929098918,84300.87283604329,342.5507090108207,570.9178483513679,13660,1744380000000,82588.11929098918,SL,0,0,-384.0160440108149
380,Trend Long,True,True,13667,1744392600000,13668,1744394400000,83930.0,83529.5474130749,85531.8103477004,400.4525869251004,667.4209782085006,13669,1744396200000,84034.0,SL,0,1,62.035
381,Trend Long,True,True,13692,1744437600000,13693,1744439400000,83623.31,83397.48157284448,84526.62370862204,225.8284271555108,376.38071192585136,13694,1744441200000,83567.43,SL,0,1,-97.69165500000466
382,Trend Long,True,True,13707,1744464600000,13708,1744466400000,84458.24,84237.44946611047,85341.40213555814,220.7905338895342,367.9842231492237,13709,1744468200000,84885.33,SL,2,1,384.8608799999965
383,Trend Long,True,True,13721,1744489800000,13722,1744491600000,85517.28,85284.30186385212,86449.1925445915,232.97813614787626,388.2968935797938,13723,1744493400000,85284.30186385212,SL,0,1,-275.73677614788176
384,Trend Long,True,True,13730,1744506000000,13731,1744507800000,85835.0,85616.03224501637,86710.87101993455,218.96775498363928,364.9462583060655,13731,1744507800000,85616.03224501637,SL,0,0,-261.88525498363424
385,Trend Long,True,True,13762,1744563600000,13763,1744565400000,84721.98,84472.18325512446,85721.16697950213,249.7967448755324,416.32790812588735,13764,1744567200000,84754.84,SL,0,1,-9.500989999999419
386,Trend Long,True,True,13900,1744812000000,13901,1744813800000,84357.99,84133.02427762668,85257.85288949328,224.9657223733187,374.94287062219786,13902,1744815600000,84605.3,SL,2,1,205.13100499999769
387,Trend Long,True,True,13906,1744822800000,13907,1744824600000,85304.37,85050.04601012557,86321.66595949765,254.3239898744145,423.87331645735753,13907,1744824600000,85050.04601012557,SL,0,0,-296.97617487442136
388,Trend Long,True,True,14030,1745046000000,14031,1745047800000,85166.48,85060.01756007351,85592.32975970593,106.46243992648441,177.437399877474,14032,1745049600000,85217.38,SL,0,1,8.316760000008735
389,Trend Long,True,True,14042,1745067600000,14043,1745069400000,85403.54,85304.96944444577,85797.82222221691,98.57055555422859,164.28425925704767,14043,1745069400000,85304.96944444577,SL,0,0,-141.27232555422268
390,Trend Long,True,True,14046,1745074800000,14047,1745076600000,85520.0,85420.17031666014,85919.31873335947,99.82968333986635,166.38280556644392,14047,1745076600000,85420.17031666014,SL,0,0,-142.58968333986354
391,Range Long,True,False,14080,1745136000000,14081,1745137800000,84674.1,84602.18415148224,84853.88962129441,71.91584851776345,143.8316970355269,14082,1745139600000,84602.18415148224,SL,0,1,-114.25289851776134
392,Trend Long,True,True,14104,1745179200000,14105,1745181000000,85119.05,84996.06806145085,85610.9777541966,122.98193854915169,204.9698975819195,14106,1745182800000,85127.58,SL,0,1,-34.029525000001165
393,Trend Long,True,True,14110,1745190000000,14111,1745191800000,85086.74,84942.75417304327,85662.68330782694,143.98582695673437,239.97637826122394,14112,1745193600000,85179.24,SL,4,1,49.95663
394,Trend Long,True,True,14136,1745236800000,14137,1745238600000,87320.98,87119.57546517091,88126.59813931634,201.4045348290852,335.67422471514203,14137,1745238600000,87119.57546517091,SL,0,0,-245.06502482908195
395,Trend Long,True,True,14189,1745332200000,14190,1745334000000,90797.73,90519.33409064407,91911.31363742371,278.3959093559276,463.9931822598793,14191,1745335800000,90928.46,SL,1,1,85.33113500001048
396,Trend Long,True,True,14195,1745343000000,14196,1745344800000,91396.14,91116.93220517169,92512.97117931324,279.20779482831,465.34632471385004,14197,1745346600000,91199.95,SL,0,1,-241.88807000000233
397,Trend Long,True,True,14223,1745393400000,14224,1745395200000,94133.82,93831.72535803102,95342.19856787592,302.0946419689805,503.4910699483009,14225,1745397000000,94240.07,SL,0,1,59.18308999999999
398,Trend Long,True,True,14234,1745413200000,14235,1745415000000,94009.31,93758.59353782538,95012.17584869848,250.71646217462003,417.8607702910334,14235,1745415000000,93758.59353782538,SL,0,0,-297.7211171746197
399,Trend Long,True,True,14333,1745591400000,14334,1745593200000,95368.0,95073.16907666544,96547.32369333823,294.830923334559,491.38487222426494,14335,1745595000000,95304.03,SL,0,1,-111.65400000000116
400,Trend Long,True,True,14396,1745704800000,14397,1745706600000,94645.09,94519.73214862797,95146.52140548808,125.35785137202208,208.9297522867035,14398,1745708400000,94781.86,SL,1,1,89.44745500000408
401,Trend Long,True,True,14400,1745712000000,14401,1745713800000,94949.49,94815.41017135995,95485.80931456022,134.07982864005388,223.46638106675647,14402,1745715600000,94870.01,SL,2,1,-126.95474500001049
402,Trend Long,True,True,14456,1745812800000,14457,1745814600000,94180.01,93995.88814246796,94916.49743012816,184.1218575320406,306.869762553401,14458,1745816400000,94036.47,SL,0,1,-190.6300049999936
403,Trend Long,True,True,14469,1745836200000,14470,1745838000000,95060.78,94878.15658693045,95791.27365227824,182.6234130695586,304.37235511593104,14471,1745839800000,95487.21,SL,2,1,378.89961000000756
404,Range Long,True,False,14571,1746019800000,14572,1746021600000,93032.58,92844.50546195488,93502.76634511282,188.07453804512707,376.14907609025414,14572,1746021600000,93502.76634511282,TP,0,0,423.6700551128156
405,Trend Long,True,True,14611,1746091800000,14612,1746093600000,95520.99,95358.172122149,96172.26151140404,162.8178778510094,271.3631297516823,14612,1746093600000,96172.26151140404,TP,0,0,603.511016404033
406,Trend Long,True,True,14618,1746104400000,14619,1746106200000,96642.01,96439.72581461619,97451.1467415352,202.28418538380018,337.1403089730003,14619,1746106200000,96439.72581461619,SL,0,0,-250.60519038380357
407,Trend Long,True,True,14621,1746109800000,14622,1746111600000,96828.0,96576.15283189205,97835.38867243179,251.84716810794686,419.74528017991145,14623,1746113400000,97125.99,SL,1,1,249.57600000000525
408,Trend Long,True,True,14672,1746201600000,14673,1746203400000,97613.21,97380.40771292336,98544.4191483066,232.80228707664835,388.00381179441393,14673,1746203400000,97380.40771292336,SL,0,0,-281.60889207664354
409,Trend Short,False,True,14780,1746396000000,14781,1746397800000,95218.56,95335.58346444345,94750.46614222617,117.02346444345777,195.03910740576296,14781,1746397800000,94750.46614222617,TP,0,0,420.484577773827
410,Trend Short,False,True,14782,1746399600000,14783,1746401400000,94430.46,94577.72038515788,93841.41845936849,147.26038515787909,245.4339752631318,14784,1746403200000,94277.61,SL,1,1,105.63477000000582
411,Trend Short,False,True,14786,1746406800000,14787,1746408600000,94224.23,94395.08886611032,93540.7945355587,170.85886611032308,284.76477685053845,14788,1746410400000,93929.0,SL,2,1,248.11788499999594
412,Trend Short,False,True,14800,1746432000000,14801,1746433800000,94554.67,94722.44269976034,93883.57920095859,167.77269976035254,279.62116626725424,14802,1746435600000,94559.2,SL,0,1,-51.80733499999884
413,Trend Short,False,True,14810,1746450000000,14811,1746451800000,94174.35,94332.58859686546,93541.39561253818,158.23859686545464,263.7309947757577,14812,1746453600000,94226.38,SL,2,1,-99.11717499999884
414,Range Short,False,False,14877,1746570600000,14878,1746572400000,96259.94,96453.63917017216,95775.6920745696,193.69917017216224,387.3983403443245,14878,1746572400000,96453.63917017216,SL,0,0,-241.82914017215631
415,Trend Long,True,True,14907,1746624600000,14908,1746626400000,97022.02,96856.79163588875,97682.93345644507,165.22836411126542,275.38060685210905,14909,1746628200000,97436.96290897219,SL,2,1,366.4318989721816
416,Trend Long,True,True,14932,1746669600000,14933,1746671400000,98594.34,98320.49248508226,99689.73005967094,273.84751491773727,456.41252486289545,14934,1746673200000,98681.99,SL,0,1,38.35283000000873
417,Trend Long,True,True,14935,1746675000000,14936,1746676800000,99152.79,98887.37533007497,100214.44867970009,265.4146699250249,442.3577832083748,14937,1746678600000,99330.52844335833,SL,0,1,128.16204835833565
418,Trend Long,True,True,14944,1746691200000,14945,1746693000000,99534.61,99310.79892350452,100429.85430598189,223.81107649547388,373.0184608257898,14946,1746694800000,99666.67,SL,0,1,82.29269499999768
419,Trend Long,True,True,14958,1746716400000,14959,1746718200000,100634.93,100387.16968111461,101625.97127554154,247.76031888538733,412.9338648089789,14960,1746720000000,100758.08,SL,2,1,72.83253500000873
420,Trend Long,True,True,14962,1746723600000,14963,1746725400000,101524.89,101231.42731232596,102698.74075069612,293.4626876740304,489.1044794567174,14963,1746725400000,101231.42731232596,SL,0,0,-344.22513267403673
421,Trend Long,True,True,14969,1746736200000,14970,1746738000000,102607.79,102287.05099502344,103890.74601990619,320.73900497655,534.56500829425,14970,1746738000000,102287.05099502344,SL,0,0,-372.0428999765527
422,Trend Long,True,True,14990,1746774000000,14991,1746775800000,103789.36,103515.33375349853,104885.46498600587,274.0262465014682,456.7104108357804,14992,1746777600000,103628.76,SL,1,1,-212.49468000000581
423,Trend Long,True,True,14997,1746786600000,14998,1746788400000,103371.62,103045.60589362786,104675.67642548853,326.0141063721365,543.3568439535609,14998,1746788400000,103045.60589362786,SL,0,0,-377.6999163721385
424,Trend Long,True,True,15003,1746797400000,15004,1746799200000,103633.5,103312.60867674714,104917.0652930114,320.8913232528515,534.8188720880859,15004,1746799200000,103312.60867674714,SL,0,0,-372.70807325285756
425,Trend Long,True,True,15048,1746878400000,15049,1746880200000,103733.92,103561.45970302791,104423.76118788838,172.46029697209426,287.43382828682377,15050,1746882000000,103695.97,SL,0,1,-89.8169599999971
426,Trend Long,True,True,15070,1746918000000,15071,1746919800000,104807.37,104600.96916826545,105632.9733269382,206.40083173454954,344.00138622424925,15071,1746919800000,104600.96916826545,SL,0,0,-258.8045167345433
427,Trend Long,True,True,15198,1747148400000,15199,1747150200000,103672.7,103393.81675657019,104788.2329737192,278.88324342980263,464.80540571633776,15200,1747152000000,103682.54,SL,2,1,-41.996350000003495
428,Trend Long,True,True,15206,1747162800000,15207,1747164600000,104589.68,104313.5548746743,105694.18050130278,276.12512532569696,460.20854220949496,15208,1747166400000,104792.21,SL,1,1,150.2351600000134
429,Trend Short,False,True,15282,1747299600000,15283,1747301400000,101977.19,102175.29313830195,101184.7774467922,198.1031383019503,330.1718971699172,15284,1747303200000,101823.4,SL,1,1,102.80140500000815
430,Trend Short,False,True,15291,1747315800000,15292,1747317600000,102133.49,102376.91972888568,101159.77108445729,243.42972888567897,405.716214809465,15292,1747317600000,102376.91972888568,SL,0,0,-294.49647388567604
431,Trend Long,True,True,15435,1747575000000,15436,1747576800000,104740.0,104612.42013912347,105250.31944350616,127.57986087653958,212.63310146089933,15436,1747576800000,104612.42013912347,SL,0,0,-179.94986087653263
432,Trend Long,True,True,15437,1747578600000,15438,1747580400000,105270.98,105114.84232404012,105895.53070383948,156.13767595987295,260.2294599331216,15438,1747580400000,105114.84232404012,SL,0,0,-208.77316595987884
433,Trend Long,True,True,15485,1747665000000,15486,1747666800000,104328.11,104002.98384370464,105628.6146251814,325.1261562953522,541.8769271589204,15487,1747668600000,104457.87,SL,1,1,77.59594499999476
434,Trend Long,True,True,15488,1747670400000,15489,1747672200000,105108.0,104784.03060372417,106403.87758510334,323.96939627583436,539.9489937930573,15489,1747672200000,104784.03060372417,SL,0,0,-376.52339627583194
435,Trend Long,True,True,15507,1747704600000,15508,1747706400000,106450.01,106131.17045700662,107725.3681719735,318.8395429933771,531.3992383222952,15509,1747708200000,106461.75,SL,0,1,-41.48500499999476
436,Trend Long,True,True,15564,1747807200000,15565,1747809000000,107865.09,107552.78921415212,109114.29314339155,312.30078584788845,520.5013097464807,15566,1747810800000,107552.78921415212,SL,0,1,-366.23333084788135
437,Trend Long,True,True,15607,1747884600000,15608,1747886400000,111780.84,111300.7131672972,113701.3473308112,480.1268327028003,800.2113878380005,15608,1747886400000,111300.7131672972,SL,0,0,-536.0172527027937
438,Trend Long,True,True,15625,1747917000000,15626,1747918800000,111608.69,111269.68565186234,112964.70739255067,339.0043481376664,565.0072468961107,15626,1747918800000,111269.68565186234,SL,0,0,-394.80869313766334
439,Range Long,True,False,15671,1747999800000,15672,1748001600000,109076.36,108838.41248560071,109671.22878599823,237.94751439929212,475.89502879858424,15672,1748001600000,108838.41248560071,SL,0,0,-292.4856943992895
440,Trend Long,True,True,15717,1748082600000,15718,1748084400000,109094.99,108827.29817240986,110165.75731036058,267.6918275901457,446.15304598357613,15719,1748086200000,109337.01,SL,1,1,187.47250499998952
441,Trend Short,False,True,15761,1748161800000,15762,1748163600000,107109.4,107326.97656510699,106239.09373957202,217.57656510699232,362.6276085116539,15763,1748165400000,107175.58,SL,1,1,-119.73470000000756
442,Trend Short,False,True,15773,1748183400000,15774,1748185200000,107355.0,107564.33960578791,106517.64157684833,209.33960578791803,348.8993429798634,15775,1748187000000,106835.71,SL,2,1,465.6124999999936
443,Trend Short,False,True,15927,1748460600000,15928,1748462400000,106946.0,107184.77928125652,105990.88287497392,238.77928125652213,397.96546876087024,15928,1748462400000,107184.77928125652,SL,0,0,-292.2522812565167
444,Trend Short,False,True,15967,1748532600000,15968,1748534400000,107019.9,107309.75268998806,105860.48924004771,289.85268998807044,483.0878166467841,15969,1748536200000,106865.75,SL,1,1,100.64004999999418
445,Trend Short,False,True,15971,1748539800000,15972,1748541600000,106303.6,106598.70977589415,105123.16089642345,295.10977589414,491.84962649023333,15972,1748541600000,106598.70977589415,SL,0,0,-348.26157589414686
446,Trend Short,False,True,15973,1748543400000,15974,1748545200000,105837.14,106143.09125574546,104613.33497701817,305.9512557454578,509.918759575763,15975,1748547000000,105965.57,SL,0,1,-181.34857000000756
447,Trend Short,False,True,15985,1748565000000,15986,1748566800000,104940.0,105262.06404567986,103651.7438172806,322.06404567985084,536.7734094664181,15986,1748566800000,105262.06404567986,SL,0,0,-374.5340456798574
448,Trend Short,False,True,15997,1748586600000,15998,1748588400000,105711.77,105953.36244372147,104745.4002251141,241.5924437214736,402.6540728691227,15999,1748590200000,105616.19,SL,2,1,42.724115000001746
449,Trend Short,False,True,16008,1748606400000,16009,1748608200000,105551.04,105822.25104068324,104466.19583726702,271.211040683244,452.01840113874005,16009,1748608200000,105822.25104068324,SL,0,0,-323.9865606832508
450,Trend Short,False,True,16012,1748613600000,16013,1748615400000,105205.0,105499.07402876286,104028.70388494854,294.0740287628633,490.1233812714388,16013,1748615400000,105499.07402876286,SL,0,0,-346.6765287628578
451,Trend Short,False,True,16017,1748622600000,16018,1748624400000,103898.75,104227.62700846272,102583.24196614916,328.87700846271207,548.1283474378534,16018,1748624400000,104227.62700846272,SL,0,0,-380.8263834627177
452,Trend Short,False,True,16035,1748655000000,16036,1748656800000,103476.6,103772.48418166666,102293.06327333338,295.8841816666561,493.14030277776016,16036,1748656800000,103772.48418166666,SL,0,0,-347.6224816666536
453,Trend Short,False,True,16080,1748736000000,16081,1748737800000,104380.95,104522.68620948464,103814.00516206138,141.7362094846522,236.22701580775365,16082,1748739600000,104446.49,SL,0,1,-117.73047500000814
454,Trend Short,False,True,16083,1748741400000,16084,1748743200000,104126.08,104270.5635977543,103548.14560898283,144.48359775429344,240.80599625715575,16085,1748745000000,104164.58,SL,1,1,-90.56304
455,Range Short,False,False,16205,1748961000000,16206,1748962800000,106550.01,106714.89586475854,106137.79533810362,164.88586475855024,329.7717295171005,16206,1748962800000,106714.89586475854,SL,0,0,-218.1608697585439
456,Trend Long,True,True,16388,1749290400000,16389,1749292200000,105148.4,104993.98609648738,105766.05561405046,154.41390351261603,257.3565058543601,16389,1749292200000,104993.98609648738,SL,0,0,-206.9881035126136
457,Trend Long,True,True,16392,1749297600000,16393,1749299400000,105299.0,105155.41092466097,105873.35630135609,143.5890753390215,239.31512556503583,16394,1749301200000,105465.22,SL,2,1,113.57050000000116
458,Trend Long,True,True,16404,1749319200000,16405,1749321000000,105761.3,105614.9959740787,106346.5161036852,146.30402592129872,243.84004320216454,16405,1749321000000,105614.9959740787,SL,0,0,-199.18467592130122
459,Trend Long,True,True,16486,1749466800000,16487,1749468600000,107434.41,107249.55351169963,108173.83595320147,184.8564883003671,308.0941471672785,16488,1749470400000,107744.38117056654,SL,1,1,256.25396556653953
460,Trend Long,True,True,16534,1749553200000,16535,1749555000000,109745.27,109555.13370567356,110505.81517730578,190.13629432644348,316.8938238774058,16535,1749555000000,109555.13370567356,SL,0,0,-245.0089293264394
461,Trend Long,True,True,16537,1749558600000,16538,1749560400000,109697.75,109512.911454579,110437.10418168396,184.83854542099044,308.0642423683174,16539,1749562200000,109728.0,SL,0,1,-24.598875
462,Trend Long,True,True,16642,1749747600000,16643,1749749400000,108165.42,107913.03204793368,109174.9718082653,252.38795206632446,420.64658677720746,16644,1749751200000,108287.4,SL,0,1,67.89728999999593
463,Trend Short,False,True,16647,1749756600000,16648,1749758400000,106789.8,107090.87331747665,105585.5067300934,301.0733174766503,501.7888624610838,16649,1749760200000,106901.99,SL,2,1,-165.58490000000234
464,Trend Short,False,True,16684,1749823200000,16685,1749825000000,104157.01,104459.08251925104,102948.71992299582,302.0725192510424,503.4541987517374,16685,1749825000000,104459.08251925104,SL,0,0,-354.15102425104357
465,Trend Short,False,True,16737,1749918600000,16738,1749920400000,104457.84,104588.09373174897,103936.82507300412,130.25373174896978,217.08955291494965,16738,1749920400000,104588.09373174897,SL,0,0,-182.48265174897688
466,Trend Short,False,True,16791,1750015800000,16792,1750017600000,105294.19,105440.10070302176,104710.54718791298,145.91070302175817,243.1845050362636,16793,1750019400000,104989.67,SL,3,1,251.87290500000407
467,Trend Long,True,True,16827,1750080600000,16828,1750082400000,107160.06,106975.99734193321,107896.31063226712,184.06265806678223,306.7710967779704,16828,1750082400000,106975.99734193321,SL,0,0,-237.64268806678857
468,Trend Long,True,True,16829,1750084200000,16830,1750086000000,107533.5,107332.05659585058,108339.27361659768,201.44340414941882,335.73900691569804,16831,1750087800000,107486.29,SL,0,1,-100.9767500000064
469,Trend Long,True,True,16838,1750100400000,16839,1750102200000,108765.1,108545.41659677848,109643.83361288611,219.6834032215279,366.1390053692132,16839,1750102200000,108545.41659677848,SL,0,0,-274.0659532215265
470,Trend Short,False,True,16881,1750177800000,16882,1750179600000,103630.67,103909.39201572475,102515.781937101,278.722015724752,464.5366928745867,16882,1750179600000,103909.39201572475,SL,0,0,-330.53735072475024
471,Range Short,False,False,17007,1750404600000,17008,1750406400000,105811.74,105950.36521028029,105465.17697429929,138.6252102802845,277.250420560569,17008,1750406400000,105950.36521028029,SL,0,0,-191.53108028028277
472,Trend Short,False,True,17020,1750428000000,17021,1750429800000,105300.38,105506.10965608835,104477.46137564664,205.72965608834213,342.88276014723687,17021,1750429800000,104477.46137564664,TP,0,0,770.2684343533623
473,Trend Short,False,True,17078,1750532400000,17079,1750534200000,102480.1,102634.88168336274,101860.97326654907,154.7816833627345,257.96947227122416,17080,1750536000000,102257.59389445424,SL,1,1,171.2660555457627
474,Trend Short,False,True,17082,1750539600000,17083,1750541400000,101848.0,102058.84008992407,101004.63964030372,210.8400899240701,351.4001498734502,17084,1750543200000,101455.61,SL,2,1,341.46599999999944
475,Trend Short,False,True,17128,1750622400000,17129,1750624200000,98517.85,98875.24099165614,97088.28603337547,357.39099165613453,595.6516527602242,17129,1750624200000,98875.24099165614,SL,0,0,-406.64991665613877
476,Trend Short,False,True,17168,1750694400000,17169,1750696200000,100272.17,100608.52872712171,98926.73509151314,336.35872712171505,560.5978785361917,17169,1750696200000,100608.52872712171,SL,0,0,-386.4948121217111
477,Trend Long,True,True,17212,1750773600000,17213,1750775400000,105383.83,105127.57912412316,106408.83350350734,256.2508758768341,427.08479312805684,17214,1750777200000,105517.5,SL,1,1,80.97808499999826
478,Trend Long,True,True,17217,1750782600000,17218,1750784400000,106225.25,105958.90995964305,107290.61016142782,266.34004035695233,443.9000672615872,17218,1750784400000,105958.90995964305,SL,0,0,-319.45266535695396
479,Trend Long,True,True,17250,1750842000000,17251,1750843800000,106854.01,106665.05273530577,107609.83905877688,188.9572646942206,314.9287744903677,17251,1750843800000,106665.05273530577,SL,0,0,-242.38426969422517
480,Trend Long,True,True,17252,1750845600000,17253,1750847400000,107108.64,106898.47144013611,107949.31423945558,210.1685598638939,350.28093310648984,17254,1750849200000,106898.47144013611,SL,0,1,-263.72287986388693
481,Trend Long,True,True,17255,1750851000000,17256,1750852800000,107198.02,106999.36479736846,107992.64081052621,198.65520263155113,331.0920043859186,17256,1750852800000,106999.36479736846,SL,0,0,-252.25421263154757
482,Trend Long,True,True,17257,1750854600000,17258,1750856400000,107240.0,107042.25702426158,108030.97190295372,197.74297573842924,329.5716262307154,17259,1750858200000,107870.17,SL,3,1,576.5499999999982
483,Trend Long,True,True,17444,1751191200000,17445,1751193000000,108138.54,108060.08379723046,108452.3648110781,78.45620276952928,130.76033794921548,17445,1751193000000,108060.08379723046,SL,0,0,-132.52547276953558
484,Trend Long,True,True,17447,1751196600000,17448,1751198400000,108477.12,108382.06513721404,108857.33945114381,95.05486278595369,158.42477130992282,17448,1751198400000,108382.06513721404,SL,0,0,-149.29342278595345
485,Trend Short,False,True,17539,1751362200000,17540,1751364000000,106556.39,106704.27426851136,105964.85292595456,147.8842685113586,246.47378085226438,17541,1751365800000,106470.5,SL,1,1,32.611804999999414
486,Trend Short,False,True,17549,1751380200000,17550,1751382000000,105925.01,106130.25141412043,105104.04434351827,205.24141412043298,342.06902353405496,17551,1751383800000,105972.49,SL,1,1,-100.44250500001047
487,Trend Long,True,True,17599,1751470200000,17600,1751472000000,108737.75,108535.4007786032,109547.1468855872,202.34922139679688,337.2487023279948,17600,1751472000000,109547.1468855872,TP,0,0,755.0280105871935
488,Trend Long,True,True,17611,1751491800000,17612,1751493600000,109441.79,109217.93932471782,110337.19270112865,223.8506752821645,373.0844588036075,17612,1751493600000,109217.93932471782,SL,0,0,-278.5715702821704
489,Trend Long,True,True,17632,1751529600000,17633,1751531400000,109547.16,109373.12409701203,110243.30361195188,174.03590298797087,290.0598383132848,17634,1751533200000,109377.57,SL,2,1,-224.36357999999652
490,Trend Long,True,True,17643,1751549400000,17644,1751551200000,110255.64,110014.31309839652,111220.94760641387,241.3269016034683,402.2115026724472,17644,1751551200000,110014.31309839652,SL,0,0,-296.45472160347555
491,Range Short,False,False,17787,1751808600000,17788,1751810400000,108772.18,108849.58831477241,108578.65921306894,77.4083147724201,154.8166295448402,17788,1751810400000,108849.58831477241,SL,0,0,-131.7944047724159
492,Trend Long,True,True,17923,1752053400000,17924,1752055200000,108763.37,108650.54017635394,109214.68929458423,112.82982364605822,188.0497060767637,17925,1752057000000,108803.69,SL,0,1,-14.061684999993012
493,Trend Long,True,True,17926,1752058800000,17927,1752060600000,109050.33,108943.21463172362,109478.79147310552,107.11536827638089,178.52561379396815,17927,1752060600000,108943.21463172362,SL,0,0,-161.6405332763834
494,Trend Long,True,True,17928,1752062400000,17929,1752064200000,109493.98,109372.43279980251,109980.16880078996,121.54720019749163,202.5786669958194,17929,1752064200000,109372.43279980251,SL,0,0,-176.2941901974849
495,Trend Long,True,True,17930,1752066000000,17931,1752067800000,109576.59,109443.96996513584,110107.07013945666,132.62003486416393,221.03339144027322,17931,1752067800000,109443.96996513584,SL,0,0,-187.4083298641578
496,Trend Long,True,True,17940,1752084000000,17941,1752085800000,109549.99,109371.02143661241,110265.86425355039,178.9685633875955,298.28093897932587,17942,1752087600000,109536.5,SL,3,1,-68.26499500000524
497,Trend Long,True,True,17986,1752166800000,17987,1752168600000,113454.03,113212.94741531087,114418.36033875648,241.08258468911987,401.8043078151998,17988,1752170400000,113707.86913843696,SL,1,1,197.11212343696064
498,Trend Long,True,True,18010,1752210000000,18011,1752211800000,117493.82,117181.22913520003,118744.18345919988,312.59086479996864,520.9847746666144,18012,1752213600000,117860.38,SL,2,1,307.81308999999766
499,Trend Long,True,True,18019,1752226200000,18020,1752228000000,118470.35,118150.42094226055,119750.06623095785,319.92905773945915,533.215096232432,18020,1752228000000,118150.42094226055,SL,0,0,-379.1642327394568
500,Trend Long,True,True,18123,1752413400000,18124,1752415200000,118610.0,118467.44618551452,119180.21525794189,142.55381448547308,237.5896908091218,18124,1752415200000,118467.44618551452,SL,0,0,-201.85881448547997
501,Range Short,False,False,18258,1752656400000,18259,1752658200000,119141.43,119336.6031468479,118653.4971328802,195.17314684791558,390.34629369583115,18260,1752660000000,119193.38,SL,1,1,-111.52071500001165
502,Trend Long,True,True,18269,1752676200000,18270,1752678000000,119056.81,118788.0073782861,120132.0204868556,268.80262171389955,448.00436952316596,18270,1752678000000,118788.0073782861,SL,0,0,-328.3310267138977
503,Trend Long,True,True,18277,1752690600000,18278,1752692400000,119512.2,119170.04908350542,120880.80366597831,342.15091649457656,570.2515274909609,18278,1752692400000,119170.04908350542,SL,0,0,-401.90701649457463
504,Range Short,False,False,18330,1752786000000,18331,1752787800000,120899.36,121190.68561465264,120171.04596336841,291.32561465263984,582.6512293052797,18331,1752787800000,120171.04596336841,TP,0,0,667.864356631593
505,Trend Short,False,True,18436,1752976800000,18437,1752978600000,117803.28,117947.99544042289,117224.41823830841,144.71544042289787,241.1924007048298,18437,1752978600000,117947.99544042289,SL,0,0,-203.61708042289314
506,Range Short,False,False,18460,1753020000000,18461,1753021800000,118637.34,118761.69029403917,118326.46426490205,124.35029403917649,248.70058807835298,18461,1753021800000,118761.69029403917,SL,0,0,-183.66896403917724
507,Trend Short,False,True,18529,1753144200000,18530,1753146000000,117123.68,117375.13717422585,116117.85130309654,251.4571742258628,419.095290376438,18531,1753147800000,117240.22,SL,2,1,-175.10184000000814
508,Trend Short,False,True,18537,1753158600000,18538,1753160400000,116555.01,116866.84350358015,115307.67598567938,311.8335035801538,519.722505966923,18538,1753160400000,116866.84350358015,SL,0,0,-370.11100858015743
509,Trend Short,False,True,18544,1753171200000,18545,1753173000000,117707.52,118035.37639694322,116396.09441222715,327.8563969432128,546.427328238688,18545,1753173000000,118035.37639694322,SL,0,0,-386.7101569432144
510,Trend Short,False,True,18555,1753191000000,18556,1753192800000,118147.83,118464.88218253326,116879.62126986696,317.05218253326126,528.4203042221021,18556,1753192800000,118464.88218253326,SL,0,0,-376.1260975332544
511,Trend Long,True,True,18624,1753315200000,18625,1753317000000,119015.2,118745.30698276934,120094.77206892264,269.8930172306602,449.8216953844336,18626,1753318800000,119048.60566092312,SL,0,1,-26.10193907688071
512,Trend Short,False,True,18678,1753412400000,18679,1753414200000,116024.05,116271.52092982596,115034.16628069618,247.4709298259545,412.45154970992417,18680,1753416000000,115419.65,SL,2,1,546.3879750000087
513,Trend Short,False,True,18689,1753432200000,18690,1753434000000,115202.55,115528.47132558972,113898.86469764111,325.9213255897221,543.2022093162035,18690,1753434000000,115528.47132558972,SL,0,0,-383.52260058971933
514,Trend Short,False,True,18701,1753453800000,18702,1753455600000,114960.01,115301.25672804046,113595.0230878381,341.24672804047265,568.7445467341211,18702,1753455600000,115301.25672804046,SL,0,0,-398.72673304046714
515,Trend Long,True,True,18770,1753578000000,18771,1753579800000,118134.75,118032.4166112097,118544.08355516117,102.33338879029189,170.55564798381982,18772,1753581600000,118102.0,SL,0,1,-91.817375
516,Trend Long,True,True,18773,1753583400000,18774,1753585200000,118309.99,118203.71055277978,118735.10778888086,106.27944722021493,177.13241203369157,18774,1753585200000,118203.71055277978,SL,0,0,-165.43444222022222
517,Trend Long,True,True,18800,1753632000000,18801,1753633800000,119359.99,119218.81361347785,119924.69554608864,141.17638652215913,235.29397753693192,18801,1753633800000,119218.81361347785,SL,0,0,-200.8563815221583
518,Trend Long,True,True,18826,1753678800000,18827,1753680600000,119383.67,119198.43897296047,120124.59410815811,185.23102703952912,308.7183783992152,18828,1753682400000,119526.13,SL,1,1,82.7681650000064
519,Trend Long,True,True,18984,1753963200000,18985,1753965000000,118541.64,118401.01318369507,119104.14726521973,140.62681630493157,234.37802717488597,18985,1753965000000,118401.01318369507,SL,0,0,-199.89763630492445
520,Trend Long,True,True,18991,1753975800000,18992,1753977600000,118306.18,118105.73963476806,119107.94146092773,200.44036523193384,334.0672753865564,18993,1753979400000,118543.12,SL,2,1,177.78691000000234
521,Trend Short,False,True,19007,1754004600000,19008,1754006400000,115764.07,116023.71199895971,114725.50200416122,259.64199895969847,432.73666493283076,19009,1754008200000,115800.0,SL,3,1,-93.81203499999302
522,Trend Short,False,True,19022,1754031600000,19023,1754033400000,114840.96,115115.49220088754,113742.83119644987,274.5322008875322,457.553668145887,19024,1754035200000,115081.76,SL,1,1,-298.22047999998836
523,Trend Short,False,True,19035,1754055000000,19036,1754056800000,114352.04,114681.16435790152,113035.54256839391,329.12435790152153,548.5405965025359,19036,1754056800000,114681.16435790152,SL,0,0,-386.3003779015281
524,Trend Short,False,True,19038,1754060400000,19039,1754062200000,114786.06,115174.62908320322,113231.7836671871,388.5690832032224,647.6151386720373,19039,1754062200000,115174.62908320322,SL,0,0,-445.9621132032269
525,Trend Short,False,True,19046,1754074800000,19047,1754076600000,113396.04,113791.92745814231,111812.49016743076,395.8874581423092,659.812430237182,19047,1754076600000,113791.92745814231,SL,0,0,-452.58547814231514
526,Trend Short,False,True,19068,1754114400000,19069,1754116200000,113562.4,113786.91637159623,112664.33451361506,224.51637159623453,374.1939526603909,19070,1754118000000,113786.91637159623,SL,0,1,-281.2975715962408
527,Trend Short,False,True,19073,1754123400000,19074,1754125200000,113682.01,113880.31171248415,112888.80315006335,198.30171248415928,330.50285414026547,19075,1754127000000,113718.84,SL,0,1,-93.67100500000174
528,Trend Short,False,True,19082,1754139600000,19083,1754141400000,113284.65,113451.44591587641,112617.46633649436,166.79591587640937,277.99319312734895,19083,1754141400000,113451.44591587641,SL,0,0,-223.43824087641335
529,Trend Short,False,True,19085,1754145000000,19086,1754146800000,113099.9,113274.86323512407,112400.04705950367,174.9632351240783,291.6053918734638,19086,1754146800000,113274.86323512407,SL,0,0,-231.51318512407252
530,Trend Short,False,True,19087,1754148600000,19088,1754150400000,112840.7,113023.74812620392,112108.5074951843,183.04812620392485,305.0802103398748,19089,1754152200000,112915.99,SL,0,1,-131.71035000000813
531,Trend Short,False,True,19091,1754155800000,19092,1754157600000,112724.04,112929.0703572082,111903.91857116719,205.03035720820253,341.7172620136709,19093,1754159400000,112386.18,SL,2,1,281.49798000000055
532,Trend Short,False,True,19102,1754175600000,19103,1754177400000,112308.86,112567.7462779766,111273.31488809356,258.88627797661013,431.47712996101694,19103,1754177400000,112567.7462779766,SL,0,0,-315.0407079766059
533,Trend Short,False,True,19215,1754379000000,19216,1754380800000,113969.7,114137.26626077636,113299.43495689453,167.56626077636625,279.27710129394376,19216,1754380800000,114137.26626077636,SL,0,0,-224.5511107763661
534,Trend Short,False,True,19228,1754402400000,19229,1754404200000,113248.67,113507.46715022576,112213.48139909697,258.7971502257569,431.3285837095949,19230,1754406000000,113037.12,SL,1,1,154.9256650000029
535,Range Short,False,False,19316,1754560800000,19317,1754562600000,115868.0,116007.25284166401,115519.86789583997,139.25284166400976,278.50568332801953,19317,1754562600000,116007.25284166401,SL,0,0,-197.18684166401252
536,Trend Long,True,True,19323,1754573400000,19324,1754575200000,116640.01,116445.6180634158,117417.57774633681,194.3919365842054,323.9865609736757,19324,1754575200000,116445.6180634158,SL,0,0,-252.71194158420118
537,Trend Long,True,True,19335,1754595000000,19336,1754596800000,117461.99,117218.78735040771,118434.80059836915,243.2026495922874,405.337749320479,19337,1754598600000,117218.78735040771,SL,0,1,-301.933644592291
538,Range Short,False,False,19412,1754733600000,19413,1754735400000,117776.43,117903.80193664445,117458.00015838884,127.3719366444618,254.7438732889236,19413,1754735400000,117458.00015838884,TP,0,0,259.541626611156
539,Range Short,False,False,19446,1754794800000,19447,1754796600000,118362.97,118510.88017797461,117993.19455506348,147.91017797460776,295.8203559492155,19448,1754798400000,118500.0,SL,0,1,-196.21148499999885
540,Trend Long,True,True,19497,1754886600000,19498,1754888400000,122080.0,121800.5336462437,123197.86541502523,279.46635375630785,465.77725626051307,19499,1754890200000,121980.63,SL,0,1,-160.40999999999534
541,Trend Long,True,True,19577,1755030600000,19578,1755032400000,120192.09,119910.24971137823,121319.45115448705,281.8402886217629,469.7338143696049,19578,1755032400000,119910.24971137823,SL,0,0,-341.9363336217664
542,Trend Long,True,True,19610,1755090000000,19611,1755091800000,120644.01,120433.92925426392,121484.33298294428,210.0807457360722,350.13457622678703,19611,1755091800000,120433.92925426392,SL,0,0,-270.4027507360788
543,Trend Long,True,True,19622,1755111600000,19623,1755113400000,122358.0,122012.33140248441,123740.67439006233,345.6685975155827,576.1143291926378,19624,1755115200000,122727.49713416147,SL,1,1,308.3181341614728
544,Trend Long,True,True,19632,1755129600000,19633,1755131400000,124243.31,123908.14346600536,125583.97613597852,335.16653399462956,558.6108899910492,19633,1755131400000,123908.14346600536,SL,0,0,-397.2881889946339
545,Trend Short,False,True,19710,1755270000000,19711,1755271800000,117066.65,117329.34151493393,116015.88394026426,262.6915149339334,437.8191915565556,19711,1755271800000,117329.34151493393,SL,0,0,-321.2248399339329
546,Trend Short,False,True,19809,1755448200000,19810,1755450000000,117834.55,117959.70952920194,117333.91188319228,125.15952920193143,208.5992153365524,19811,1755451800000,117810.71,SL,1,1,-35.077275000003496
547,Trend Short,False,True,19813,1755455400000,19814,1755457200000,117542.01,117678.62058547314,116995.56765810741,136.61058547314602,227.68430912191005,19814,1755457200000,117678.62058547314,SL,0,0,-195.38159047314315
548,Trend Short,False,True,19824,1755475200000,19825,1755477000000,117142.44,117292.01930086812,116544.12279652753,149.57930086811663,249.2988347801944,19825,1755477000000,117292.01930086812,SL,0,0,-208.15052086812122
549,Trend Short,False,True,19851,1755523800000,19852,1755525600000,114839.14,115068.97321674458,113919.8071330217,229.83321674457423,383.05536124095704,19852,1755525600000,115068.97321674458,SL,0,0,-287.25278674457695
550,Trend Short,False,True,19879,1755574200000,19880,1755576000000,114810.01,115070.730565526,113767.12773789596,260.7205655260067,434.5342758766778,19881,1755577800000,114892.0,SL,1,1,-139.39500500000523
551,Trend Short,False,True,19886,1755586800000,19887,1755588600000,114698.6,114951.19944632566,113688.20221469742,252.5994463256461,420.9990772094102,19887,1755588600000,114951.19944632566,SL,0,0,-309.94874632565023
552,Trend Short,False,True,19899,1755610200000,19900,1755612000000,115192.0,115418.95886048539,114284.16455805843,226.9588604853932,378.26476747565533,19900,1755612000000,114284.16455805843,TP,0,0,850.23944194157
553,Trend Short,False,True,19901,1755613800000,19902,1755615600000,113882.66,114158.32019092873,112780.01923628508,275.6601909287322,459.43365154788705,19902,1755615600000,114158.32019092873,SL,0,0,-332.6015209287274
554,Trend Short,False,True,19905,1755621000000,19906,1755622800000,113388.31,113660.5263571719,112299.44457131242,272.21635717189565,453.69392861982607,19907,1755624600000,113422.24,SL,0,1,-90.62415500000756
555,Trend Short,False,True,19951,1755703800000,19952,1755705600000,113353.94,113662.23493941035,112120.76024235862,308.2949394103459,513.8248990172432,19952,1755705600000,113662.23493941035,SL,0,0,-364.97190941034887
556,Trend Long,True,True,20111,1755991800000,20112,1755993600000,115438.06,115314.39943679476,115932.70225282096,123.66056320524224,206.10093867540374,20113,1755995400000,115421.71,SL,0,1,-74.06902999999127
557,Trend Long,True,True,20115,1755999000000,20116,1756000800000,115473.99,115346.84361516804,115982.57553932788,127.14638483196902,211.91064138661503,20117,1756002600000,115519.96,SL,1,1,-11.766994999998836
558,Trend Short,False,True,20173,1756103400000,20174,1756105200000,111929.87,112210.83094752337,110806.02620990653,280.9609475233683,468.26824587228054,20175,1756107000000,111902.66,SL,1,1,-28.754935000008146
559,Trend Short,False,True,20180,1756116000000,20181,1756117800000,111224.94,111526.05614771324,110020.47540914704,301.11614771323957,501.8602461887326,20182,1756119600000,111029.85204923774,SL,0,1,139.47548076225942
560,Trend Short,False,True,20199,1756150200000,20200,1756152000000,110716.13,111070.90704862952,109297.02180548196,354.77704862951384,591.2950810491898,20200,1756152000000,111070.90704862952,SL,0,0,-410.1351136295194
561,Trend Short,False,True,20201,1756153800000,20202,1756155600000,109561.96,109961.39447560403,107964.22209758393,399.43447560401944,665.7241260066991,20203,1756157400000,109513.41,SL,0,1,-6.230979999997096
562,Trend Short,False,True,20208,1756166400000,20209,1756168200000,109659.99,110031.90272951305,108172.33908194781,371.9127295130507,619.8545491884179,20210,1756170000000,109100.24,SL,2,1,504.920005
563,Trend Short,False,True,20230,1756206000000,20231,1756207800000,109859.04,110113.76045000856,108840.15819996574,254.72045000856446,424.53408334760746,20232,1756209600000,109876.53,SL,0,1,-72.41952000000524
564,Trend Short,False,True,20239,1756222200000,20240,1756224000000,109666.34,109964.44527177315,108473.9189129074,298.1052717731491,496.84211962191523,20241,1756225800000,109744.88,SL,0,1,-133.37317000000814
565,Trend Long,True,True,20329,1756384200000,20330,1756386000000,113239.44,113051.96072264061,113989.35710943758,187.47927735939385,312.4654622656564,20330,1756386000000,113051.96072264061,SL,0,0,-244.09899735939447
566,Trend Short,False,True,20369,1756456200000,20370,1756458000000,109628.02,109868.4950167023,108666.11993319078,240.4750167023049,400.79169450384154,20371,1756459800000,109755.67,SL,0,1,-182.46400999999418
567,Trend Short,False,True,20379,1756474200000,20380,1756476000000,109106.14,109402.782693038,107919.56922784803,296.6426930379942,494.40448839665703,20380,1756476000000,109402.782693038,SL,0,0,-351.19576303799664
568,Trend Short,False,True,20403,1756517400000,20404,1756519200000,107447.97,107700.05539901029,106439.62840395884,252.08539901029204,420.1423316838201,20404,1756519200000,107700.05539901029,SL,0,0,-305.8093840102914
569,Range Short,False,False,20449,1756600200000,20450,1756602000000,109389.09,109491.25771178721,109133.67072053197,102.16771178721243,204.33542357442485,20451,1756603800000,109334.0,SL,1,1,0.39545499999650957
570,Trend Short,False,True,20495,1756683000000,20496,1756684800000,108246.36,108403.08874017821,107619.44503928715,156.72874017821331,261.21456696368887,20497,1756686600000,107823.71,SL,2,1,368.5268199999942
571,Trend Long,True,True,20571,1756819800000,20572,1756821600000,111149.99,110799.05973808846,112553.7110476462,350.9302619115464,584.8837698525773,20572,1756821600000,110799.05973808846,SL,0,0,-406.50525691154786
572,Trend Long,True,True,20685,1757025000000,20686,1757026800000,111490.74,111264.08787691135,112397.34849235462,226.65212308865523,377.75353848109205,20686,1757026800000,111264.08787691135,SL,0,0,-282.39749308865737
573,Trend Long,True,True,20697,1757046600000,20698,1757048400000,111445.0,111237.2271215998,112276.0915136008,207.77287840019966,346.28813066699945,20699,1757050200000,111528.94,SL,0,1,28.217500000002325
574,Trend Long,True,True,20702,1757055600000,20703,1757057400000,112708.55,112489.5777886449,113584.4388454204,218.97221135509983,364.95368559183305,20704,1757059200000,112926.00926288163,SL,0,1,161.10498788163173
575,Trend Long,True,True,20713,1757075400000,20714,1757077200000,113214.78,112974.90129861774,114174.29480552905,239.87870138226273,399.7978356371046,20714,1757077200000,112974.90129861774,SL,0,0,-296.48609138225845
576,Trend Long,True,True,20851,1757323800000,20852,1757325600000,112094.99,111917.07081639956,112806.66673440178,177.91918360044275,296.5319726674046,20853,1757327400000,112127.67360546651,SL,0,1,-23.363889533496355
577,Trend Long,True,True,20858,1757336400000,20859,1757338200000,112196.39,112028.84682771894,112866.56268912424,167.54317228106206,279.23862046843675,20859,1757338200000,112028.84682771894,SL,0,0,-223.64136728106084
578,Trend Long,True,True,20861,1757341800000,20862,1757343600000,112645.06,112453.64664668313,113410.71341326748,191.4133533168702,319.022255528117,20863,1757345400000,112838.02,SL,1,1,136.6374700000064
579,Trend Long,True,True,20888,1757390400000,20889,1757392200000,111945.08,111765.75466408809,112662.38134364766,179.32533591191714,298.8755598531952,20890,1757394000000,112020.22488802936,SL,0,1,19.172348029361025
580,Trend Long,True,True,20892,1757397600000,20893,1757399400000,112622.58,112430.5253848662,113390.79846053522,192.05461513380448,320.0910252230075,20894,1757401200000,113022.62,SL,2,1,343.7287099999936
581,Trend Long,True,True,20952,1757505600000,20953,1757507400000,112580.0,112405.11686055445,113279.53255778218,174.88313944554304,291.47189907590507,20953,1757507400000,113279.53255778218,TP,0,0,643.2425577821787
582,Trend Long,True,True,20954,1757509200000,20955,1757511000000,113666.66,113457.92994609033,114501.5802156387,208.73005390967745,347.88342318279575,20955,1757511000000,113457.92994609033,SL,0,0,-265.5633839096759
583,Trend Long,True,True,20983,1757561400000,20984,1757563200000,114400.01,114216.65310558275,115133.43757766896,183.35689441723935,305.59482402873226,20984,1757563200000,114216.65310558275,SL,0,0,-240.5568994172439
584,Trend Long,True,True,20987,1757568600000,20988,1757570400000,114266.0,114094.4397386128,114952.24104554881,171.560261387202,285.93376897867,20988,1757570400000,114094.4397386128,SL,0,0,-228.69326138720336
585,Trend Long,True,True,21000,1757592000000,21001,1757593800000,114380.61,114232.6802310733,114972.32907570682,147.92976892670362,246.54961487783936,21001,1757593800000,114232.6802310733,SL,0,0,-205.12007392669685
586,Range Short,False,False,21024,1757635200000,21025,1757637000000,115783.19,115941.91382981928,115386.38042545179,158.7238298192881,317.4476596385762,21025,1757637000000,115941.91382981928,SL,0,0,-216.6154248192824
587,Range Short,False,False,21060,1757700000000,21061,1757701800000,116196.23,116354.11614494442,115801.51463763896,157.88614494441657,315.77228988883314,21061,1757701800000,116354.11614494442,SL,0,0,-215.984259944423
588,Trend Long,True,True,21205,1757961000000,21206,1757962800000,115307.79,115085.93788153536,116195.19847385856,221.8521184646428,369.7535307744047,21206,1757962800000,115085.93788153536,SL,0,0,-279.5060134646379
589,Range Short,False,False,21250,1758042000000,21251,1758043800000,116759.69,116938.32056690459,116313.11358273853,178.630566904589,357.261133809178,21252,1758045600000,116461.55,SL,1,1,239.76015499999943
590,Trend Long,True,True,21255,1758051000000,21256,1758052800000,116800.13,116588.7817276335,117645.52308946605,211.3482723665121,352.24712061085353,21257,1758054600000,116737.16,SL,0,1,-121.37006500000118
591,Trend Long,True,True,21274,1758085200000,21275,1758087000000,116560.44,116399.90935312284,117202.56258750866,160.53064687716437,267.5510781286073,21275,1758087000000,117202.56258750866,TP,0,0,583.842367508653
592,Trend Long,True,True,21277,1758090600000,21278,1758092400000,117234.28,117059.286901899,117934.25239240399,174.99309810099487,291.65516350165814,21280,1758096000000,117059.286901899,SL,0,2,-233.61023810099658
593,Trend Long,True,True,21340,1758204000000,21341,1758205800000,117706.39,117504.64569198717,118513.36723205129,201.74430801282162,336.2405133547027,21342,1758207600000,117640.54,SL,0,1,-124.70319500000582
594,Trend Long,True,True,21348,1758218400000,21349,1758220200000,117808.55,117618.82111073448,118567.4655570621,189.72888926552457,316.21481544254095,21350,1758222000000,117618.82111073448,SL,0,1,-248.6331642655197
595,Trend Short,False,True,21543,1758569400000,21544,1758571200000,112122.9,112345.76692473837,111231.4323010465,222.86692473837385,371.44487456395643,21545,1758573000000,112280.01,SL,0,1,-213.1714500000006
596,Trend Short,False,True,21555,1758591000000,21556,1758592800000,112156.66,112348.48875645422,111389.34497418314,191.82875645421583,319.71459409035975,21556,1758592800000,112348.48875645422,SL,0,0,-247.90708645421154
597,Trend Short,False,True,21557,1758594600000,21558,1758596400000,111811.88,112014.85766245288,110999.96935018852,202.9776624528698,338.29610408811635,21558,1758596400000,112014.85766245288,SL,0,0,-258.8836024528749
598,Trend Short,False,True,21604,1758679200000,21605,1758681000000,112270.58,112456.19345929207,111528.12616283169,185.61345929207874,309.3557654867979,21606,1758682800000,112111.62,SL,2,1,102.8247100000064
599,Range Short,False,False,21629,1758724200000,21630,1758726000000,113720.64,113871.2529679788,113344.10758005298,150.61296797880635,301.2259359576127,21630,1758726000000,113871.2529679788,SL,0,0,-207.47328797879914
600,Range Long,True,False,21656,1758772800000,21657,1758774600000,111942.8,111749.99510313677,112424.8122421581,192.80489686324063,385.60979372648126,21657,1758774600000,111749.99510313677,SL,0,0,-248.77629686323564
601,Trend Short,False,True,21667,1758792600000,21668,1758794400000,111571.58,111798.56478848793,110663.6408460483,226.98478848792436,378.3079808132073,21668,1758794400000,111798.56478848793,SL,0,0,-282.7705784879273
602,Trend Short,False,True,21672,1758801600000,21673,1758803400000,111125.76,111346.7042539233,110241.98298430679,220.94425392330405,368.2404232055068,21673,1758803400000,111346.7042539233,SL,0,0,-276.5071339232987
603,Trend Short,False,True,21695,1758843000000,21696,1758844800000,108994.49,109302.32682808941,107763.14268764236,307.8368280894103,513.0613801490172,21696,1758844800000,109302.32682808941,SL,0,0,-362.3340730894065
604,Trend Short,False,True,21716,1758880800000,21717,1758882600000,109092.01,109317.94548310201,108188.2680675919,225.93548310202308,376.5591385033718,21718,1758884400000,108894.99,SL,1,1,142.47399499998951
605,Trend Short,False,True,21725,1758897000000,21726,1758898800000,108836.0,109107.2466706349,107751.01331746044,271.24667063488783,452.0777843914797,21726,1758898800000,109107.2466706349,SL,0,0,-325.66467063489324
606,Range Short,False,False,21823,1759073400000,21824,1759075200000,110037.92,110119.81098624998,109833.19253437503,81.89098624998438,163.78197249996876,21824,1759075200000,110119.81098624998,SL,0,0,-136.90994624998586
607,Trend Long,True,True,21855,1759131000000,21856,1759132800000,111865.96,111725.17904602387,112429.08381590454,140.78095397613265,234.6349232935544,21857,1759134600000,112201.73,SL,2,1,279.83701999998954
608,Trend Long,True,True,21864,1759147200000,21865,1759149000000,112374.88,112235.81290132424,112931.14839470306,139.06709867576583,231.77849779294309,21865,1759149000000,112235.81290132424,SL,0,0,-195.25453867576138
609,Trend Long,True,True,21879,1759174200000,21880,1759176000000,114265.56,114050.49280911384,115125.8287635446,215.06719088615043,358.4453181435841,21881,1759177800000,114290.08,SL,0,1,-32.61277999999592
610,Trend Long,True,True,21889,1759192200000,21890,1759194000000,114525.97,114337.91958619867,115278.17165520533,188.05041380133147,313.4173563355525,21891,1759195800000,114631.2,SL,1,1,47.967014999995925
611,Trend Long,True,True,21926,1759258800000,21927,1759260600000,113945.67,113732.97763082497,114796.4394767001,212.69236917502533,354.48728195837555,21928,1759262400000,114359.99,SL,2,1,357.34716500000695
612,Trend Long,True,True,21939,1759282200000,21940,1759284000000,114549.99,114346.6647302707,115363.29107891726,203.3252697293123,338.87544954885385,21941,1759285800000,114346.6647302707,SL,0,1,-260.60026472930645
613,Trend Long,True,True,21952,1759305600000,21953,1759307400000,115089.82,114886.23216430083,115904.17134279673,203.58783569918134,339.3130594986356,21953,1759307400000,115904.17134279673,TP,0,0,756.8064327967264
614,Trend Long,True,True,21959,1759318200000,21960,1759320000000,116789.57,116558.34140776242,117714.48436895036,231.22859223758684,385.38098706264475,21961,1759321800000,116633.03,SL,0,1,-214.93478500000816
615,Trend Long,True,True,21964,1759327200000,21965,1759329000000,117136.81,116900.07221997221,118083.76112011119,236.737780027797,394.562966712995,21966,1759330800000,117292.73,SL,1,1,97.35159499999826
616,Trend Long,True,True,21968,1759334400000,21969,1759336200000,117861.68,117619.21620217164,118831.53519131339,242.46379782835152,404.1063297139192,21969,1759336200000,117619.21620217164,SL,0,0,-301.3946378283572
617,Trend Long,True,True,21982,1759359600000,21983,1759361400000,118352.58,118116.07081273287,119298.61674906853,236.50918726713277,394.18197877855465,21983,1759361400000,118116.07081273287,SL,0,0,-295.6854772671328
618,Trend Long,True,True,21984,1759363200000,21985,1759365000000,118936.68,118672.69700689722,119992.61197241113,263.98299310278344,439.97165517130577,21985,1759365000000,118672.69700689722,SL,0,0,-323.451333102778
619,Trend Long,True,True,22008,1759406400000,22009,1759408200000,119080.53,118909.08127697348,119766.32489210607,171.44872302651854,285.7478717108642,22010,1759410000000,119350.85042565783,SL,1,1,210.78016065783194
620,Trend Long,True,True,22011,1759411800000,22012,1759413600000,119621.19,119421.78652387418,120418.8039045033,199.40347612582363,332.33912687637275,22012,1759413600000,119421.78652387418,SL,0,0,-259.2140711258226
621,Trend Long,True,True,22015,1759419000000,22016,1759420800000,119910.78,119631.71237048028,121027.05051807889,279.0676295197221,465.1127158662036,22017,1759422600000,119995.3,SL,1,1,24.564610000004073
622,Trend Long,True,True,22021,1759429800000,22022,1759431600000,120506.6,120215.51885438645,121670.9245824542,291.0811456135492,485.13524268924874,22023,1759433400000,120732.39,SL,1,1,165.5366999999936
623,Range Short,False,False,22062,1759503600000,22063,1759505400000,121293.72,121492.14830080591,120797.64924798522,198.42830080591202,396.85660161182403,22063,1759505400000,121492.14830080591,SL,0,0,-259.07516080591375
624,Range Short,False,False,22064,1759507200000,22065,1759509000000,123659.83,123922.92141753163,123002.10145617093,263.0914175316286,526.1828350632572,22065,1759509000000,123002.10145617093,TP,0,0,595.898628829071
625,Trend Long,True,True,22174,1759705200000,22175,1759707000000,123465.29,123241.71323329449,124359.597066822,223.57676670550154,372.62794450916925,22176,1759708800000,123482.32,SL,2,1,-44.70264499998661
626,Trend Long,True,True,22181,1759717800000,22182,1759719600000,124110.61,123825.7176436353,125250.17942545879,284.8923563646956,474.82059394115936,22183,1759721400000,123825.7176436353,SL,0,1,-346.9476613646967
627,Trend Long,True,True,22213,1759775400000,22214,1759777200000,126011.18,125708.40845810271,127222.26616758911,302.77154189728145,504.61923649546907,22214,1759777200000,125708.40845810271,SL,0,0,-365.77713189728024
628,Range Long,True,False,22252,1759845600000,22253,1759847400000,122887.64,122633.80266822403,123522.23332943993,253.83733177596892,507.67466355193784,22253,1759847400000,122633.80266822403,SL,0,0,-315.2811517759688
629,Trend Short,False,True,22282,1759899600000,22283,1759901400000,121390.2,121690.73383163768,120188.06467344925,300.5338316376885,500.8897193961475,22284,1759903200000,121374.02,SL,0,1,-44.51510000000698
630,Trend Short,False,True,22336,1759996800000,22337,1759998600000,121180.0,121414.22501080448,120243.09995678205,234.22501080448473,390.3750180074746,22337,1759998600000,121414.22501080448,SL,0,0,-294.81501080448277
631,Trend Short,False,True,22348,1760018400000,22349,1760020200000,121690.27,122008.4385511982,120417.59579520723,318.16855119819087,530.2809186636515,22350,1760022000000,121315.01,SL,2,1,314.4148650000093
632,Trend Short,False,True,22353,1760027400000,22354,1760029200000,119819.76,120206.44246308091,118273.03014767634,386.68246308091454,644.4707718015243,22354,1760029200000,120206.44246308091,SL,0,0,-446.5923430809133
633,Range Long,True,False,22398,1760108400000,22399,1760110200000,119252.86,118979.02557472819,119937.44606317954,273.834425271815,547.66885054363,22399,1760110200000,118979.02557472819,SL,0,0,-333.4608552718089
634,Range Long,True,False,22401,1760113800000,22402,1760115600000,118205.61,117885.50820979512,119005.8644755122,320.1017902048749,640.2035804097497,22402,1760115600000,117885.50820979512,SL,0,0,-379.204595204877
635,Trend Short,False,True,22406,1760122800000,22407,1760124600000,116040.38,116441.35397946289,114436.48408214847,400.97397946288436,668.2899657714739,22407,1760124600000,116441.35397946289,SL,0,0,-458.99416946288403
636,Trend Short,False,True,22454,1760209200000,22455,1760211000000,111391.54,111746.73064795314,109970.77740818744,355.1906479531401,591.9844132552336,22456,1760212800000,111178.3,SL,2,1,157.5442299999907
637,Trend Short,False,True,22457,1760214600000,22458,1760216400000,110244.98,110635.51195246102,108682.8521901559,390.5319524610235,650.8865874350391,22458,1760216400000,110635.51195246102,SL,0,0,-445.654442461024
638,Trend Short,False,True,22464,1760227200000,22465,1760229000000,109924.91,110289.92327443615,108464.85690225541,365.01327443614633,608.3554573935772,22465,1760229000000,110289.92327443615,SL,0,0,-419.97572943614716
639,Trend Short,False,True,22534,1760353200000,22535,1760355000000,113643.33,113957.05601930624,112388.42592277502,313.7260193062453,522.8766988437421,22535,1760355000000,113957.05601930624,SL,0,0,-370.5476843062393
640,Trend Short,False,True,22569,1760416200000,22570,1760418000000,113062.09,113338.63448691608,111955.91205233568,276.54448691607877,460.90747819346467,22570,1760418000000,113338.63448691608,SL,0,0,-333.0755319160856
641,Trend Short,False,True,22571,1760419800000,22572,1760421600000,112493.1,112790.42300147357,111303.80799410578,297.3230014735579,495.5383357892632,22573,1760423400000,112282.33,SL,2,1,154.52345000000406
642,Trend Short,False,True,22579,1760434200000,22580,1760436000000,111287.9,111611.65244375297,109992.89022498806,323.7524437529845,539.5874062549742,22581,1760437800000,110378.14,SL,2,1,854.1160499999947
643,Trend Short,False,True,22599,1760470200000,22600,1760472000000,112613.69,113099.3097056359,110671.21117745644,485.61970563589176,809.3661760598196,22601,1760473800000,112810.01,SL,0,1,-252.62684499999244
644,Trend Short,False,True,22642,1760547600000,22643,1760549400000,110404.11,110795.54252402416,108838.37990390335,391.4325240241639,652.3875400402732,22643,1760549400000,110795.54252402416,SL,0,0,-446.6345790241596
645,Trend Short,False,True,22657,1760574600000,22658,1760576400000,110431.27,110776.08205565654,109052.02177737384,344.8120556565397,574.6867594275662,22658,1760576400000,110776.08205565654,SL,0,0,-400.0276906565409
646,Trend Short,False,True,22665,1760589000000,22666,1760590800000,110966.03,111294.675100843,109651.44959662796,328.6451008430077,547.7418347383461,22667,1760592600000,111054.72,SL,0,1,-144.17301500000232
647,Trend Short,False,True,22686,1760626800000,22687,1760628600000,110044.97,110454.9418445662,108405.0826217352,409.9718445661985,683.2864076103309,22687,1760628600000,108405.0826217352,TP,0,0,1584.8648932648007
648,Trend Short,False,True,22688,1760630400000,22689,1760632200000,108133.97,108598.94677414127,106274.06290343495,464.9767741412625,774.9612902354376,22689,1760632200000,108598.94677414127,SL,0,0,-519.0437591412652
649,Trend Short,False,True,22718,1760684400000,22719,1760686200000,106297.61,106653.83206920605,104872.72172317578,356.2220692060553,593.7034486767589,22720,1760688000000,105633.75,SL,3,1,610.7111950000005
650,Trend Short,False,True,22723,1760693400000,22724,1760695200000,104530.0,104944.31227795286,102872.75088818852,414.31227795286947,690.5204632547825,22725,1760697000000,104014.6,SL,1,1,463.1349999999942
651,Range Long,True,False,22818,1760864400000,22819,1760866200000,106153.3,106007.90828504188,106516.77928739531,145.39171495812485,290.7834299162497,22819,1760866200000,106516.77928739531,TP,0,0,310.402637395312
652,Trend Short,False,True,22848,1760918400000,22849,1760920200000,107654.19,107909.62290832667,106632.45836669335,255.43290832666355,425.7215138777726,22849,1760920200000,107909.62290832667,SL,0,0,-309.2600033266639
653,Trend Long,True,True,22875,1760967000000,22876,1760968800000,111161.35,110909.27612072542,112169.64551709835,252.07387927458643,420.12313212431076,22876,1760968800000,110909.27612072542,SL,0,0,-307.6545542745833
654,Trend Long,True,True,22920,1761048000000,22921,1761049800000,109126.02,108827.95731273356,110318.2707490658,298.0626872664505,496.77114544408414,22921,1761049800000,108827.95731273356,SL,0,0,-352.6256972664434
655,Trend Short,False,True,22986,1761166800000,22987,1761168600000,106785.59,107191.06400858454,105163.69396566185,405.4740085845373,675.7900143075622,22987,1761168600000,107191.06400858454,SL,0,0,-458.86680358454055
656,Trend Long,True,True,23025,1761237000000,23026,1761238800000,110263.74,109943.54794054043,111544.5082378383,320.19205945957134,533.653432432619,23026,1761238800000,109943.54794054043,SL,0,0,-375.3239294595722
657,Trend Long,True,True,23027,1761240600000,23028,1761242400000,111241.71,110890.23407118027,112647.61371527893,351.47592881973236,585.7932146995539,23028,1761242400000,110890.23407118027,SL,0,0,-407.09678381973833
658,Trend Long,True,True,23048,1761278400000,23049,1761280200000,110962.22,110698.22238629455,112018.21045482178,263.9976137054439,439.9960228424065,23050,1761282000000,111178.54,SL,1,1,160.83888999999243
659,Trend Long,True,True,23051,1761283800000,23052,1761285600000,111261.37,111004.91532751062,112287.18868995752,256.4546724893802,427.42445414896696,23053,1761287400000,111310.52,SL,0,1,-6.480684999991269
660,Trend Long,True,True,23058,1761296400000,23059,1761298200000,111426.53,111176.00410977082,112428.63356091673,250.5258902291809,417.5431503819682,23060,1761300000000,111176.00410977082,SL,0,1,-306.23915522918253
661,Trend Long,True,True,23065,1761309000000,23066,1761310800000,111297.02,111033.07376710503,112352.80493157993,263.9462328949802,439.91038815830035,23067,1761312600000,111236.23,SL,0,1,-116.43851000000815
662,Trend Long,True,True,23113,1761395400000,23114,1761397200000,111899.03,111750.77330547491,112492.05677810033,148.2566945250839,247.09449087513983,23114,1761397200000,111750.77330547491,SL,0,0,-204.20620952508736
663,Range Short,False,False,23154,1761469200000,23155,1761471000000,112667.24,112771.18534252132,112407.37664369673,103.94534252130867,207.89068504261735,23155,1761471000000,112771.18534252132,SL,0,0,-160.27896252131416
664,Trend Long,True,True,23158,1761476400000,23159,1761478200000,112707.09,112558.75823138011,113300.41707447951,148.3317686198803,247.21961436646717,23159,1761478200000,113300.41707447951,TP,0,0,536.9735294795155
665,Trend Long,True,True,23194,1761541200000,23195,1761543000000,115555.5,115324.52040203153,116479.41839187387,230.97959796846908,384.96599661411517,23196,1761544800000,115556.56,SL,0,1,-56.71775000000233
666,Trend Long,True,True,23197,1761546600000,23198,1761548400000,116053.5,115821.13197276359,116982.97210894567,232.36802723641688,387.28004539402815,23199,1761550200000,115860.77,SL,1,1,-250.75674999999592
667,Trend Short,False,True,23336,1761796800000,23337,1761798600000,108390.02,108788.84664662273,106794.71341350912,398.8266466227222,664.711077704537,23337,1761798600000,108788.84664662273,SL,0,0,-453.0216566227215
668,Trend Short,False,True,23344,1761811200000,23345,1761813000000,110681.23,111118.18966539932,108933.39133840268,436.959665399328,728.26610899888,23346,1761814800000,110714.31,SL,0,1,-88.42061500000175
669,Trend Short,False,True,23352,1761825600000,23353,1761827400000,108784.3,109164.74244901673,107262.5302039331,380.4424490167247,634.0707483612078,23354,1761829200000,108387.86,SL,1,1,342.0478500000023
670,Trend Short,False,True,23355,1761831000000,23356,1761832800000,107627.15,108033.3935861843,106002.17565526275,406.2435861843096,677.072643640516,23356,1761832800000,108033.3935861843,SL,0,0,-460.05716118431144
671,Trend Short,False,True,23362,1761843600000,23363,1761845400000,107149.62,107554.56491639868,105529.84033440523,404.9449163986919,674.9081939978198,23363,1761845400000,107554.56491639868,SL,0,0,-458.5197263986865
672,Trend Short,False,True,23367,1761852600000,23368,1761854400000,106536.39,106937.05239604483,104933.74041582065,400.66239604483854,667.7706600747309,23368,1761854400000,106937.05239604483,SL,0,0,-453.93059104483416
673,Trend Short,False,True,23524,1762135200000,23525,1762137000000,109249.74,109469.37826143848,108371.18695424606,219.63826143848505,366.06376906414175,23526,1762138800000,109033.84,SL,3,1,161.27513000000874
674,Trend Short,False,True,23578,1762232400000,23579,1762234200000,105668.08,106073.22470864329,104047.50116542682,405.1447086432956,675.2411810721593,23580,1762236000000,104301.28617716083,SL,2,1,1313.9597828391722
675,Trend Short,False,True,23582,1762239600000,23583,1762241400000,104370.73,104807.74179632343,102622.68281470625,437.01179632343707,728.3529938723951,23584,1762243200000,104490.73,SL,1,1,-172.185365
676,Trend Short,False,True,23599,1762270200000,23600,1762272000000,103197.02,103627.28677498773,101475.95290004906,430.26677498773637,717.1112916462273,23601,1762273800000,102740.16,SL,1,1,405.26149000000055
677,Trend Short,False,True,23602,1762275600000,23603,1762277400000,101356.74,101834.90157239362,99444.09371042557,478.16157239360683,796.9359539893447,23603,1762277400000,101834.90157239362,SL,0,0,-528.839942393612
678,Trend Short,False,True,23604,1762279200000,23605,1762281000000,100704.61,101188.3864986455,98769.50400541797,483.7764986455077,806.2941644091795,23605,1762281000000,101188.3864986455,SL,0,0,-534.1288036455004
679,Trend Short,False,True,23610,1762290000000,23611,1762291800000,99926.29,100426.29,97926.29,500.0,912.7270509614015,23612,1762293600000,100311.46,SL,1,1,-435.1331450000128
680,Trend Short,False,True,23664,1762387200000,23665,1762389000000,103432.06,103730.32244056228,102239.01023775089,298.2624405622779,497.1040676037965,23666,1762390800000,103677.71,SL,1,1,-297.3660300000087
681,Trend Short,False,True,23697,1762446600000,23698,1762448400000,100867.19,101276.49821634368,99229.95713462532,409.30821634367186,682.1803605727864,23698,1762448400000,101276.49821634368,SL,0,0,-459.7418113436775
682,Trend Short,False,True,23734,1762513200000,23735,1762515000000,99918.02,100228.8646440784,98674.64142368641,310.8446440784005,518.0744067973342,23735,1762515000000,100228.8646440784,SL,0,0,-360.8036540784028
683,Trend Short,False,True,23737,1762518600000,23738,1762520400000,99638.29,99974.17656670562,98294.74373317747,335.8865667056289,559.8109445093816,23738,1762520400000,99974.17656670562,SL,0,0,-385.7057117056234
684,Trend Short,False,True,23790,1762614000000,23791,1762615800000,101591.93,101828.31200735352,100646.4019705859,236.38200735352467,393.97001225587445,23792,1762617600000,101828.31200735352,SL,0,1,-287.1779723535317
685,Trend Long,True,True,23853,1762727400000,23854,1762729200000,104732.47,104437.75655806635,105911.32376773463,294.7134419336567,491.1890698894279,23855,1762731000000,104657.88,SL,2,1,-126.95623499999651
686,Trend Long,True,True,23882,1762779600000,23883,1762781400000,106303.77,106072.37935469614,107229.33258121545,231.39064530386,385.65107550643336,23884,1762783200000,106512.7597848987,SL,0,1,155.83789989870206
687,Trend Short,False,True,23967,1762932600000,23968,1762934400000,103112.65,103311.7523278711,102316.24068851558,199.10232787110456,331.83721311850763,23968,1762934400000,103311.7523278711,SL,0,0,-250.65865287110728
688,Trend Short,False,True,23982,1762959600000,23983,1762961400000,103458.01,103751.21180083955,102285.2027966418,293.20180083955023,488.6696680659171,23983,1762961400000,102285.2027966418,TP,0,0,1121.0781983581994
689,Trend Short,False,True,23984,1762963200000,23985,1762965000000,101800.76,102164.94712419328,100344.01150322685,364.1871241932853,606.9785403221422,23986,1762966800000,101519.13570806444,SL,0,1,230.72391193555728
690,Trend Short,False,True,23990,1762974000000,23991,1762975800000,101085.62,101436.3332688761,99682.7669244956,350.7132688760992,584.5221147934988,23991,1762975800000,101436.3332688761,SL,0,0,-401.2560788761048
691,Trend Short,False,True,24018,1763024400000,24019,1763026200000,102902.7,103261.25158228536,101468.49367085854,358.55158228536175,597.585970475603,24020,1763028000000,102827.0,SL,0,1,24.24864999999709
692,Range Long,True,False,24033,1763051400000,24034,1763053200000,100633.13,100286.38021805443,101500.00445486396,346.7497819455777,693.4995638911554,24034,1763053200000,100286.38021805443,SL,0,0,-397.0663469455748
693,Trend Short,False,True,24037,1763058600000,24038,1763060400000,98591.78,99043.77672528574,96783.79309885702,451.9967252857456,753.3278754762426,24038,1763060400000,99043.77672528574,SL,0,0,-501.2926152857459
694,Trend Short,False,True,24073,1763123400000,24074,1763125200000,95350.76,95816.13120351237,93489.27518595048,465.3712035123797,775.6186725206328,24075,1763127000000,95099.99,SL,1,1,203.09461999998953
695,Trend Short,False,True,24089,1763152200000,24090,1763154000000,94377.46,94877.46,92377.46,500.0,884.9202743350771,24090,1763154000000,94877.46,SL,0,0,-547.18873
696,Range Long,True,False,24219,1763386200000,24220,1763388000000,93959.78,93702.5279625018,94602.91009374551,257.2520374982012,514.5040749964024,24221,1763389800000,94155.06,SL,4,1,148.30010999999882
697,Trend Short,False,True,24246,1763434800000,24247,1763436600000,90027.76,90461.85057723262,88291.39769106949,434.0905772326242,723.484295387707,24247,1763436600000,90461.85057723262,SL,0,0,-479.1044572326223
698,Trend Short,False,True,24298,1763528400000,24299,1763530200000,90840.55,91171.00136326483,89518.74454694071,330.45136326482356,550.7522721080393,24300,1763532000000,90459.99,SL,1,1,335.13972499999767
699,Trend Short,False,True,24315,1763559000000,24316,1763560800000,91405.02,91691.4972351382,90259.11105944721,286.47723513819886,477.46205856366475,24317,1763562600000,91132.99241171274,SL,0,1,226.32507828726654
700,Range Long,True,False,24367,1763652600000,24368,1763654400000,89869.88,89563.99964840207,90634.58087899486,305.8803515979412,611.7607031958825,24368,1763654400000,89563.99964840207,SL,0,0,-350.81529159793797
701,Trend Short,False,True,24373,1763663400000,24374,1763665200000,86486.27,86967.80732445788,84560.12070216845,481.5373244578861,802.5622074298102,24374,1763665200000,86967.80732445788,SL,0,0,-524.7804594578805
702,Trend Short,False,True,24388,1763690400000,24389,1763692200000,86503.14,86956.2332541727,84690.76698330922,453.0932541726953,755.1554236211589,24390,1763694000000,85473.27331354318,SL,2,1,986.6151164568222
703,Trend Short,False,True,24398,1763708400000,24399,1763710200000,85212.45,85611.03907693845,83618.09369224618,398.5890769384534,664.3151282307557,24399,1763710200000,83618.09369224618,TP,0,0,1551.7500827538129
704,Trend Short,False,True,24401,1763713800000,24402,1763715600000,83643.45,84143.45,81643.45,500.0,867.5331256279037,24403,1763717400000,83079.79,SL,2,1,521.8382750000035
705,Trend Short,False,True,24408,1763726400000,24409,1763728200000,80945.66,81445.66,78945.66,500.0,945.6950054475525,24409,1763728200000,81445.66,SL,0,0,-540.47283
706,Trend Short,False,True,24528,1763942400000,24529,1763944200000,86445.48,86755.61114309606,85204.95542761574,310.13114309606294,516.8852384934382,24529,1763944200000,86755.61114309606,SL,0,0,-353.35388309606316
707,Trend Short,False,True,24536,1763956800000,24537,1763958600000,86602.89,86971.5629012859,85128.19839485639,368.67290128590366,614.4548354765061,24538,1763960400000,86971.5629012859,SL,0,1,-411.97434628589957
708,Trend Long,True,True,24676,1764208800000,24677,1764210600000,91480.0,91180.18571780343,92679.25712878632,299.81428219658,499.69047032763336,24678,1764212400000,91389.73,SL,1,1,-136.01000000000408
709,Trend Long,True,True,24704,1764259200000,24705,1764261000000,91206.7,90980.184618526,92112.76152589604,226.51538147401004,377.52563579001674,24706,1764262800000,91467.12,SL,1,1,214.81664999999825
710,Range Short,False,False,24748,1764338400000,24749,1764340200000,92964.18,93174.87151633982,92437.45120915044,210.69151633981826,421.38303267963653,24749,1764340200000,92437.45120915044,TP,0,0,480.24670084954914
711,Trend Long,True,True,24798,1764428400000,24799,1764430200000,90882.16,90747.25962526153,91421.76149895387,134.90037473846695,224.83395789744495,24800,1764432000000,91063.5,SL,1,1,135.8989199999965
712,Trend Short,False,True,24888,1764590400000,24889,1764592200000,85835.3,86066.66194807581,84909.8522076968,231.36194807580304,385.6032467930051,24889,1764592200000,84909.8522076968,TP,0,0,882.53014230321
713,Trend Short,False,True,24894,1764601200000,24895,1764603000000,84955.94,85276.20078332421,83674.89686670317,320.26078332420775,533.7679722070129,24896,1764604800000,84677.87,SL,2,1,235.592030000007
714,Trend Long,True,True,24964,1764727200000,24965,1764729000000,92806.77,92447.02505657109,94245.74977371564,359.74494342890983,599.5749057148497,24965,1764729000000,92447.02505657109,SL,0,0,-406.1483284289156
715,Trend Long,True,True,24969,1764736200000,24970,1764738000000,93362.21,93015.35592397412,94749.62630410359,346.854076025894,578.0901267098234,24971,1764739800000,93351.3,SL,0,1,-57.591105000003495
716,Trend Long,True,True,24972,1764741600000,24973,1764743400000,93935.83,93608.28136332767,95246.02454668934,327.54863667233565,545.9143944538928,24973,1764743400000,93608.28136332767,SL,0,0,-374.5165516723344
717,Trend Short,False,True,25120,1765008000000,25121,1765009800000,89288.37,89467.20822258461,88573.01710966155,178.83822258460967,298.06370430768277,25122,1765011600000,89467.20822258461,SL,0,1,-223.4824075846144
718,Range Long,True,False,25180,1765116000000,25181,1765117800000,87920.99,87753.30811388353,88340.19471529119,167.6818861164755,335.363772232951,25181,1765117800000,87753.30811388353,SL,0,0,-211.6423811164793
719,Range Short,False,False,25279,1765294200000,25280,1765296000000,92707.5,92964.55491287597,92064.86271781006,257.05491287597397,514.1098257519479,25280,1765296000000,92964.55491287597,SL,0,0,-303.40866287597396
720,Range Long,True,False,25348,1765418400000,25349,1765420200000,90087.36,89769.53505572413,90881.92236068966,317.82494427586096,635.6498885517219,25350,1765422000000,89769.53505572413,SL,0,1,-362.8686242758679
721,Trend Short,False,True,25373,1765463400000,25374,1765465200000,89545.23,89778.56470824643,88611.89116701428,233.3347082464277,388.8911804107129,25374,1765465200000,89778.56470824643,SL,0,0,-278.1073232464315
722,Trend Short,False,True,25376,1765468800000,25377,1765470600000,89563.18,89849.0035794524,88419.88568219038,285.8235794524058,476.3726324206764,25377,1765470600000,89849.0035794524,SL,0,0,-330.605169452408
723,Range Long,True,False,25423,1765553400000,25424,1765555200000,89935.13,89688.4932304541,90551.72192386477,246.63676954590295,493.2735390918059,25424,1765555200000,89688.4932304541,SL,0,0,-291.6043345459048
724,Trend Short,False,True,25510,1765710000000,25511,1765711800000,89514.86,89613.18209997563,89121.57160009746,98.32209997563278,163.87016662605464,25511,1765711800000,89613.18209997563,SL,0,0,-143.0795299756304
725,Trend Short,False,True,25562,1765803600000,25563,1765805400000,89449.38,89617.30794422673,88777.66822309306,167.9279442267351,279.8799070445585,25564,1765807200000,89432.01,SL,0,1,-27.354689999990107
726,Trend Short,False,True,25565,1765809000000,25566,1765810800000,88050.0,88297.8170063652,87058.73197453916,247.81700636521003,413.02834394201676,25566,1765810800000,87058.73197453916,TP,0,0,947.2430254608422
727,Trend Short,False,True,25598,1765868400000,25599,1765870200000,86227.31,86481.16158289489,85211.90366842046,253.85158289488498,423.085971491475,25600,1765872000000,86021.51,SL,1,1,162.68634500000292
728,Range Short,False,False,25707,1766064600000,25708,1766066400000,88851.7,89068.57328380745,88309.51679048137,216.87328380744773,433.74656761489547,25708,1766066400000,89068.57328380745,SL,0,0,-261.2991338074502
729,Trend Short,False,True,25714,1766077200000,25715,1766079000000,85902.98,86348.83817548105,84119.54729807578,445.8581754810551,743.0969591350919,25715,1766079000000,86348.83817548105,SL,0,0,-488.8096654810584
730,Range Short,False,False,25842,1766307600000,25843,1766309400000,88643.84,88725.4871205131,88439.72219871724,81.64712051310428,163.29424102620857,25843,1766309400000,88725.4871205131,SL,0,0,-125.96904051310926
731,Trend Long,True,True,25848,1766318400000,25849,1766320200000,88830.43,88714.15807909038,89295.51768363845,116.27192090961358,193.78653484935597,25849,1766320200000,88714.15807909038,SL,0,0,-160.68713590961033
732,Trend Long,True,True,25896,1766404800000,25897,1766406600000,90300.01,90088.98678025446,91144.10287898216,211.02321974554016,351.7053662425669,25897,1766406600000,90088.98678025446,SL,0,0,-256.17322474553345
733,Trend Short,False,True,25944,1766491200000,25945,1766493000000,87654.97,87835.1980664144,86934.0577343424,180.22806641440206,300.3801106906701,25945,1766493000000,87835.1980664144,SL,0,0,-224.05555141440547
734,Trend Short,False,True,25947,1766496600000,25948,1766498400000,87616.66,87803.80738480775,86868.07046076904,187.14738480774102,311.9123080129017,25948,1766498400000,87803.80738480775,SL,0,0,-230.95571480774396
735,Trend Short,False,True,25949,1766500200000,25950,1766502000000,86873.99,87095.34650016586,85988.56399933658,221.35650016585868,368.92750027643115,25950,1766502000000,87095.34650016586,SL,0,0,-264.79349516585717
736,Trend Short,False,True,25955,1766511000000,25956,1766512800000,87180.0,87453.79419869659,86084.82320521367,273.79419869658193,456.3236644943032,25956,1766512800000,87453.79419869659,SL,0,0,-317.3841986965889
737,Trend Short,False,True,26061,1766701800000,26062,1766703600000,87649.99,87794.49819237515,87071.95723049944,144.50819237514287,240.84698729190478,26063,1766705400000,87491.0,SL,3,1,115.16500500000524
738,Trend Long,True,True,26078,1766732400000,26079,1766734200000,89422.18,89216.81817139724,90243.627314411,205.36182860275122,342.2697143379187,26079,1766734200000,89216.81817139724,SL,0,0,-250.0729186027486
739,Trend Short,False,True,26198,1766948400000,26199,1766950200000,87511.28,87595.07557758834,87176.09768964659,83.79557758835193,139.65929598058656,26199,1766950200000,87595.07557758834,SL,0,0,-127.55121758834562
740,Trend Long,True,True,26288,1767110400000,26289,1767112200000,89218.56,88976.87805196297,90185.28779214811,241.6819480370292,402.803246728382,26289,1767112200000,88976.87805196297,SL,0,0,-286.2912280370323
741,Trend Long,True,True,26396,1767304800000,26397,1767306600000,88532.74,88438.58793553947,88909.34825784217,94.15206446054022,156.9201074342337,26397,1767306600000,88438.58793553947,SL,0,0,-138.41843446053343
742,Trend Long,True,True,26398,1767308400000,26399,1767310200000,88735.06,88629.5294036029,89157.18238558838,105.53059639709828,175.88432732849714,26400,1767312000000,88839.05,SL,1,1,59.62247000000524
743,Trend Long,True,True,26406,1767322800000,26407,1767324600000,88879.49,88751.64023915512,89390.88904337953,127.84976084488243,213.08293474147072,26408,1767326400000,88950.64,SL,1,1,26.710254999994177
744,Trend Long,True,True,26416,1767340800000,26417,1767342600000,89062.45,88932.54642220972,89582.06431116108,129.90357779027286,216.50596298378812,26418,1767344400000,89178.13,SL,1,1,71.14877500000756
745,Trend Long,True,True,26419,1767346200000,26420,1767348000000,89467.32,89332.9154276949,90004.93828922046,134.40457230511316,224.00762050852197,26421,1767349800000,89596.6,SL,2,1,84.54633999999882
746,Range Short,False,False,26491,1767475800000,26492,1767477600000,90564.32,90649.51432264251,90351.33419339372,85.19432264251235,170.3886452850247,26492,1767477600000,90649.51432264251,SL,0,0,-130.47648264250645
747,Trend Long,True,True,26496,1767484800000,26497,1767486600000,91098.32,90959.6923232688,91652.83070692485,138.62767673121223,231.0461278853537,26498,1767488400000,91341.48,SL,2,1,197.61083999998894
748,Trend Long,True,True,26504,1767499200000,26505,1767501000000,91376.01,91227.16143712637,91971.40425149452,148.84856287363024,248.0809381227171,26506,1767502800000,91400.01,SL,1,1,-21.688004999999997
749,Trend Long,True,True,26511,1767511800000,26512,1767513600000,91532.0,91386.34870619177,92114.60517523294,145.65129380823478,242.75215634705796,26512,1767513600000,91386.34870619177,SL,0,0,-191.41729380823054
750,Trend Long,True,True,26515,1767519000000,26516,1767520800000,91468.28,91324.77081397186,92042.31674411256,143.50918602813917,239.1819767135653,26517,1767522600000,91480.0,SL,0,1,-34.01413999999884
751,Trend Long,True,True,26565,1767609000000,26566,1767610800000,93080.0,92900.83743855017,93796.65024579932,179.1625614498303,298.6042690830505,26566,1767610800000,92900.83743855017,SL,0,0,-225.70256144983344
752,Trend Long,True,True,26573,1767623400000,26574,1767625200000,93428.0,93219.85175851088,94260.59296595647,208.14824148911796,346.9137358151966,26574,1767625200000,93219.85175851088,SL,0,0,-254.86224148912157
753,Range Long,True,False,26627,1767720600000,26628,1767722400000,91589.23,91354.48918283498,92176.08204291253,234.74081716501163,469.48163433002327,26628,1767722400000,91354.48918283498,SL,0,0,-280.5354321650168
754,Trend Short,False,True,26693,1767839400000,26694,1767841200000,90956.5,91185.72514676122,90039.59941295511,229.22514676122213,382.0419112687036,26695,1767843000000,90949.88,SL,1,1,-38.85825000000466
755,Trend Short,False,True,26700,1767852000000,26701,1767853800000,90276.86,90499.40241695478,89386.6903321809,222.54241695477683,370.9040282579614,26702,1767855600000,89898.0,SL,2,1,333.7215700000006
756,Trend Short,False,True,26705,1767861000000,26706,1767862800000,90227.25,90475.86535441407,89232.78858234374,248.61535441406477,414.3589240234413,26707,1767864600000,90038.8717848047,SL,0,1,143.26459019530552
757,Trend Short,False,True,26712,1767873600000,26713,1767875400000,89953.02,90189.0700945549,89008.81962178038,236.05009455490602,393.41682425817675,26714,1767877200000,89989.2,SL,0,1,-81.15650999999302
758,Trend Short,False,True,26716,1767880800000,26717,1767882600000,89643.88,89869.36385976111,88741.94456095558,225.48385976110652,375.80643293517755,26717,1767882600000,89869.36385976111,SL,0,0,-270.30579976110874
759,Trend Short,False,True,26765,1767969000000,26766,1767970800000,90150.01,90359.54816196991,89311.85735212029,209.53816196992378,349.230269949873,26766,1767970800000,90359.54816196991,SL,0,0,-254.6131669699183
760,Range Short,False,False,26861,1768141800000,26862,1768143600000,91127.17,91181.86132797725,90990.44168005686,54.6913279772587,109.3826559545174,26862,1768143600000,90990.44168005686,TP,0,0,91.16473494314037
761,Trend Long,True,True,26959,1768318200000,26960,1768320000000,93449.99,93207.48736622286,94420.00053510859,242.50263377714663,404.1710562952444,26960,1768320000000,93207.48736622286,SL,0,0,-289.2276287771415
762,Trend Long,True,True,26967,1768332600000,26968,1768334400000,94226.85,93971.76817596023,95247.17729615912,255.0818240397772,425.13637339962867,26969,1768336200000,94348.55,SL,0,1,74.58657499999708
763,Trend Long,True,True,26991,1768375800000,26992,1768377600000,95205.11,94962.83650621888,96174.2039751245,242.27349378112498,403.789156301875,26993,1768379400000,95170.3,SL,0,1,-82.41255499999767
764,Trend Long,True,True,27004,1768399200000,27005,1768401000000,95628.0,95407.37693314695,96510.49226741218,220.62306685304418,367.7051114217403,27005,1768401000000,95407.37693314695,SL,0,0,-268.43706685304795
765,Trend Long,True,True,27008,1768406400000,27009,1768408200000,97248.37,96943.75581137053,98466.82675451788,304.6141886294716,507.6903143824527,27010,1768410000000,97293.23,SL,1,1,-3.764184999999415
766,Trend Long,True,True,27014,1768417200000,27015,1768419000000,97561.59,97210.91176435992,98964.3029425603,350.6782356400758,584.463726066793,27015,1768419000000,97210.91176435992,SL,0,0,-399.45903064007996
767,Trend Long,True,True,27146,1768654800000,27147,1768656600000,95369.65,95287.15313665684,95699.63745337262,82.49686334315658,137.4947722385943,27148,1768658400000,95438.32,SL,0,1,20.98517500001281
768,Trend Short,False,True,27240,1768824000000,27241,1768825800000,93017.99,93179.83006537234,92370.62973851067,161.84006537233162,269.73344228721936,27241,1768825800000,93179.83006537234,SL,0,0,-208.34906037233654
769,Trend Short,False,True,27268,1768874400000,27269,1768876200000,92494.59,92664.48303399245,91815.01786403016,169.8930339924609,283.1550566541015,27269,1768876200000,92664.48303399245,SL,0,0,-216.14032899245547
770,Trend Short,False,True,27270,1768878000000,27271,1768879800000,92377.67,92544.19707522819,91711.56169908722,166.52707522819352,277.54512538032253,27272,1768881600000,92434.93,SL,0,1,-103.44883499999476
771,Trend Short,False,True,27273,1768883400000,27274,1768885200000,92062.62,92233.028466573,91380.98613370795,170.40846657301145,284.0141109550191,27274,1768885200000,91380.98613370795,TP,0,0,635.6025562920462
772,Trend Short,False,True,27276,1768888800000,27277,1768890600000,91275.9,91485.40211190266,90437.89155238935,209.50211190266188,349.17018650443646,27278,1768892400000,90929.98,SL,1,1,300.28204999999826
773,Trend Short,False,True,27293,1768919400000,27294,1768921200000,90531.15,90751.46882201337,89649.8747119465,220.31882201337513,367.19803668895855,27295,1768923000000,90625.99,SL,2,1,-140.10557500001107
774,Trend Short,False,True,27301,1768933800000,27302,1768935600000,89501.0,89762.25915458491,88455.96338166036,261.2591545849092,435.431924308182,27302,1768935600000,89762.25915458491,SL,0,0,-306.0096545849136
775,Trend Short,False,True,27309,1768948200000,27310,1768950000000,88509.18,88792.68582341804,87375.15670632782,283.505823418045,472.5097056967417,27311,1768951800000,88120.01,SL,1,1,344.91540999999825
776,Trend Short,False,True,27327,1768980600000,27328,1768982400000,89213.96,89431.896929186,88342.21228325603,217.93692918599385,363.22821530998976,27329,1768984200000,89256.89,SL,0,1,-87.53697999999302
777,Trend Short,False,True,27335,1768995000000,27336,1768996800000,88789.99,88998.9873918428,87954.0004326288,208.99739184280062,348.3289864046677,27337,1768998600000,88356.74,SL,2,1,388.855005
778,Range Long,True,False,27390,1769094000000,27391,1769095800000,88658.05,88478.93821783319,89105.82945541704,179.11178216681643,358.22356433363285,27391,1769095800000,89105.82945541704,TP,0,0,403.45043041703957
779,Trend Short,False,True,27510,1769310000000,27511,1769311800000,89035.32,89106.95893616532,88748.76425533876,71.6389361653115,119.39822694218584,27512,1769313600000,88960.36,SL,2,1,30.442340000006396
780,Trend Short,False,True,27516,1769320800000,27517,1769322600000,88788.8,88869.5728445085,88465.708621966,80.7728445085004,134.62140751416734,27517,1769322600000,88869.5728445085,SL,0,0,-125.16724450849402
781,Trend Short,False,True,27521,1769329800000,27522,1769331600000,88300.0,88398.95012008035,87904.1995196786,98.95012008035073,164.91686680058456,27522,1769331600000,88398.95012008035,SL,0,0,-143.10012008034974
782,Trend Long,True,True,27683,1769621400000,27684,1769623200000,90169.89,89895.20975486554,91268.6109805378,274.68024513444885,457.8004085574148,27684,1769623200000,89895.20975486554,SL,0,0,-319.7651901344556
783,Range Long,True,False,27701,1769653800000,27702,1769655600000,87907.05,87683.5946130341,88465.68846741474,223.45538696589472,446.91077393178944,27703,1769657400000,88048.39,SL,1,1,97.38647499999651
784,Trend Short,False,True,27725,1769697000000,27726,1769698800000,87014.4,87208.8460761279,86236.61569548838,194.4460761279055,324.0767935465092,27726,1769698800000,86236.61569548838,TP,0,0,734.2771045116169
785,Trend Short,False,True,27727,1769700600000,27728,1769702400000,84934.02,85228.16748400824,83757.43006396703,294.1474840082445,490.2458066804075,27729,1769704200000,84504.7,SL,1,1,386.85299000000697
786,Trend Short,False,True,27817,1769862600000,27818,1769864400000,82761.99,82954.5108707713,81991.90651691485,192.5208707712865,320.8681179521442,27819,1769866200000,82827.94,SL,1,1,-107.3309949999971
787,Trend Short,False,True,27820,1769868000000,27821,1769869800000,81587.99,81834.80715564305,80600.72137742782,246.81715564304542,411.3619260717424,27822,1769871600000,81480.0,SL,2,1,67.19600500000524
788,Trend Short,False,True,27825,1769877000000,27826,1769878800000,80365.05,80716.65045804236,78958.64816783057,351.6004580423591,586.0007634039318,27826,1769878800000,78958.64816783057,TP,0,0,1366.2193071694312
789,Trend Short,False,True,27861,1769941800000,27862,1769943600000,78279.73,78583.86210730545,77063.2015707782,304.13210730545114,506.8868455090853,27863,1769945400000,78583.86210730545,SL,0,1,-343.27197230545687
790,Trend Short,False,True,27868,1769954400000,27869,1769956200000,77849.34,78135.35335507576,76705.28657969697,286.01335507575743,476.6889251262624,27869,1769956200000,78135.35335507576,SL,0,0,-324.93802507576004
791,Trend Short,False,True,27870,1769958000000,27871,1769959800000,76984.0,77338.3823112643,75566.4707549428,354.3823112643012,590.6371854405021,27871,1769959800000,77338.3823112643,SL,0,0,-392.8743112643004
792,Trend Short,False,True,27880,1769976000000,27881,1769977800000,76688.75,77063.90987492356,75188.11050030577,375.1598749235565,625.2664582059275,27881,1769977800000,77063.90987492356,SL,0,0,-413.50424992355636
793,Trend Short,False,True,27886,1769986800000,27887,1769988600000,76800.9,77258.56039897676,74970.25840409294,457.66039897676285,762.7673316279381,27887,1769988600000,77258.56039897676,SL,0,0,-496.0608489767609
794,Trend Short,False,True,27893,1769999400000,27894,1770001200000,76491.18,76975.84177824011,74552.5328870395,484.66177824012124,807.7696304002021,27895,1770003000000,75102.92,SL,2,1,1350.0144099999948
795,Trend Short,False,True,27968,1770134400000,27969,1770136200000,76693.53,77052.03468394947,75259.5112642021,358.5046839494758,597.5078065824597,27970,1770138000000,76488.08,SL,2,1,167.10323499999708
796,Trend Short,False,True,27971,1770139800000,27972,1770141600000,74915.79,75300.99581655867,73374.96673376531,385.205816558673,642.009694264455,27972,1770141600000,75300.99581655867,SL,0,0,-422.66371155867864
797,Trend Short,False,True,27973,1770143400000,27974,1770145200000,73139.12,73580.80332142048,71372.38671431804,441.68332142048837,736.1388690341473,27974,1770145200000,73580.80332142048,SL,0,0,-478.2528814204817
798,Trend Short,False,True,28018,1770224400000,28019,1770226200000,72473.56,72938.07004568925,70615.51981724298,464.5100456892526,774.1834094820877,28019,1770226200000,72938.07004568925,SL,0,0,-500.7468256892542
799,Trend Short,False,True,28037,1770258600000,28038,1770260400000,71454.44,71954.44,69454.44,500.0,895.5075658348643,28039,1770262200000,71515.6,SL,0,1,-96.8872200000035
800,Trend Short,False,True,28042,1770267600000,28043,1770269400000,70433.11,70933.11,68433.11,500.0,834.0517098372782,28043,1770269400000,70933.11,SL,0,0,-535.216555
801,Trend Short,False,True,28054,1770289200000,28055,1770291000000,70067.21,70530.30002281575,68214.84990873706,463.09002281573845,771.8167046928975,28055,1770291000000,70530.30002281575,SL,0,0,-498.1236278157407
802,Trend Short,False,True,28056,1770292800000,28057,1770294600000,69640.87,70134.0128257952,67668.29869681918,493.14282579520346,821.9047096586725,28058,1770296400000,69563.56,SL,0,1,42.489564999997675
803,Trend Short,False,True,28061,1770301800000,28062,1770303600000,69404.75,69903.8095843361,67408.5116626556,499.05958433609896,831.7659738934983,28062,1770303600000,67408.5116626556,TP,0,0,1961.5359623444026
804,Trend Short,False,True,28066,1770310800000,28067,1770312600000,67408.2,67908.2,65408.2,500.0,1101.5666133806562,28068,1770314400000,66181.68,SL,2,1,1192.8159000000041
805,Trend Short,False,True,28072,1770321600000,28073,1770323400000,63866.59,64366.59,61866.59,500.0,1184.5366164137165,28074,1770325200000,63775.66,SL,1,1,58.996704999993014
806,Trend Short,False,True,28141,1770445800000,28142,1770447600000,68769.66,69224.3304196849,66950.97832126041,454.67041968489775,757.7840328081629,28143,1770449400000,68031.19,SL,2,1,704.0851700000012
807,Range Short,False,False,28193,1770539400000,28194,1770541200000,70665.59,70877.29454295701,70136.32864260746,211.70454295701117,423.40908591402234,28195,1770543000000,70453.59,SL,1,1,176.667205
808,Trend Short,False,True,28209,1770568200000,28210,1770570000000,70415.99,70697.71655733125,69289.08377067502,281.7265573312474,469.54426221874576,28210,1770570000000,70697.71655733125,SL,0,0,-316.934552331247
809,Trend Short,False,True,28219,1770586200000,28220,1770588000000,70700.01,70963.36063458072,69646.60746167706,263.3506345807311,438.9177243012185,28220,1770588000000,70963.36063458072,SL,0,0,-298.70063958072546
810,Trend Short,False,True,28251,1770643800000,28252,1770645600000,68594.56,68885.22724129698,67431.89103481206,290.667241296985,484.4454021616417,28252,1770645600000,68885.22724129698,SL,0,0,-324.9645212969783
811,Trend Short,False,True,28295,1770723000000,28296,1770724800000,68535.02,68775.87346243238,67571.60615027047,240.8534624323832,401.42243738730537,28296,1770724800000,68775.87346243238,SL,0,0,-275.1209724323802
812,Trend Short,False,True,28301,1770733800000,28302,1770735600000,68460.4,68766.7481163604,67235.0075345584,306.3481163603959,510.58019393399326,28302,1770735600000,68766.7481163604,SL,0,0,-340.578316360401
813,Trend Short,False,True,28328,1770782400000,28329,1770784200000,67576.63,67843.00965479208,66511.11138083172,266.37965479207327,443.96609132012213,28330,1770786000000,67584.47,SL,0,1,-41.62831499999651
814,Trend Short,False,True,28332,1770789600000,28333,1770791400000,67120.97,67382.76332904301,66073.79668382794,261.7933290430137,436.3222150716896,28334,1770793200000,66819.84,SL,1,1,267.5695150000047
815,Trend Short,False,True,28341,1770805800000,28342,1770807600000,66531.99,66769.1924798116,65583.18008075363,237.20247981159122,395.33746635265203,28342,1770807600000,66769.1924798116,SL,0,0,-270.468474811589
816,Trend Short,False,True,28349,1770820200000,28350,1770822000000,66584.61,66936.5093254553,65177.0126981788,351.8993254553013,586.4988757588355,28351,1770823800000,66191.99,SL,1,1,359.32769499999534
817,Trend Short,False,True,28353,1770827400000,28354,1770829200000,66039.08,66431.1386117849,64470.84555286039,392.05861178490375,653.4310196415063,28354,1770829200000,66431.1386117849,SL,0,0,-425.0781517849016
818,Trend Long,True,True,28476,1771048800000,28477,1771050600000,68893.98,68764.7565178568,69410.87392857278,129.2234821431966,215.37247023866104,28478,1771052400000,68921.51550595227,SL,0,1,-6.911484047730113
819,Trend Long,True,True,28479,1771054200000,28480,1771056000000,69219.27,69092.401415354,69726.74433858397,126.86858464599239,211.44764107665398,28480,1771056000000,69726.74433858397,TP,0,0,472.8647035839683
820,Trend Long,True,True,28486,1771066800000,28487,1771068600000,70194.0,70031.81145642437,70842.75417430249,162.18854357562213,270.3142392927036,28488,1771070400000,70505.74,SL,1,1,276.64300000000526
821,Trend Long,True,True,28578,1771232400000,28579,1771234200000,68964.62,68792.37597292902,69653.5961082839,172.24402707097823,287.0733784516304,28580,1771236000000,68992.7,SL,0,1,-6.402309999998252
822,Trend Long,True,True,28584,1771243200000,28585,1771245000000,69505.01,69305.2833568206,70303.9165727176,199.72664317939993,332.8777386323332,28585,1771245000000,69305.2833568206,SL,0,0,-234.47914817939778
823,Trend Short,False,True,28637,1771338600000,28638,1771340400000,66875.06,67126.80762698603,65868.06949205583,251.74762698604093,419.57937831006825,28638,1771340400000,67126.80762698603,SL,0,0,-285.18515698603443
824,Range Long,True,False,28693,1771439400000,28694,1771441200000,66360.0,66149.20720230837,66886.98199422906,210.79279769162574,421.5855953832515,28694,1771441200000,66149.20720230837,SL,0,0,-243.97279769162532
825,Range Long,True,False,28731,1771507800000,28732,1771509600000,65913.38,65766.17587438729,66281.39031403177,147.20412561270666,294.4082512254133,28733,1771511400000,65981.83,SL,3,1,35.49330999999709
826,Trend Short,False,True,28775,1771587000000,28776,1771588800000,67318.41,67490.4318602563,66630.32255897485,172.02186025628927,286.7031004271488,28776,1771588800000,67490.4318602563,SL,0,0,-205.68106525629634
827,Trend Short,False,True,28778,1771592400000,28779,1771594200000,67202.01,67384.63849234076,66471.49603063692,182.62849234076793,304.38082056794656,28779,1771594200000,66471.49603063692,TP,0,0,696.9129643630772
828,Range Long,True,False,28877,1771770600000,28878,1771772400000,67443.89,67355.71803117229,67664.31992206928,88.17196882771262,176.34393765542524,28878,1771772400000,67355.71803117229,SL,0,0,-121.89391382770805
829,Trend Short,False,True,28897,1771806600000,28898,1771808400000,66740.47,66878.02943917263,66190.23224330947,137.55943917263372,229.26573195438954,28898,1771808400000,66190.23224330947,TP,0,0,516.8675216905343
830,Trend Short,False,True,28930,1771866000000,28931,1771867800000,64577.76,64827.91792451968,63577.12830192128,250.15792451968005,416.9298741994668,28932,1771869600000,64813.27,SL,1,1,-267.79887999999477
831,Trend Short,False,True,28936,1771876800000,28937,1771878600000,64004.35,64274.26072759024,62924.707089639036,269.9107275902412,449.85121265040203,28937,1771878600000,64274.26072759024,SL,0,0,-301.9129025902425
832,Trend Short,False,True,28946,1771894800000,28947,1771896600000,64432.89,64710.08311719851,63324.11753120594,277.1931171985137,461.9885286641895,28948,1771898400000,64160.26,SL,1,1,240.4135549999974
833,Trend Short,False,True,28950,1771902000000,28951,1771903800000,63705.79,63982.984299518605,62597.01280192558,277.1942995186053,461.99049919767555,28952,1771905600000,63595.51,SL,2,1,78.42710499999883
834,Trend Short,False,True,28954,1771909200000,28955,1771911000000,62820.77,63122.95204874403,61612.04180502385,302.1820487440356,503.63674790672604,28956,1771912800000,63122.95204874403,SL,0,1,-333.59243374403457
835,Trend Short,False,True,29003,1771997400000,29004,1771999200000,64882.77,65142.910144514484,63842.20942194206,260.1401445144844,433.56690752414073,29006,1772002800000,65142.910144514484,SL,0,2,-292.58152951448744
836,Trend Long,True,True,29028,1772042400000,29029,1772044200000,69348.39,69041.4403662397,70576.18853504119,306.94963376029807,511.58272293383015,29030,1772046000000,69328.06,SL,0,1,-55.004195000001744
837,Trend Short,False,True,29148,1772258400000,29149,1772260200000,64570.21,64761.034256888066,63806.91297244773,190.8242568880677,318.0404281467795,29149,1772260200000,63806.91297244773,TP,0,0,731.0119225522675
838,Trend Short,False,True,29159,1772278200000,29160,1772280000000,63844.2,64113.15705127625,62768.37179489499,268.9570512762509,448.2617521270849,29162,1772283600000,64113.15705127625,SL,0,2,-300.87915127625115
839,Range Short,False,False,29262,1772463600000,29263,1772465400000,68555.99,68858.73962719295,67799.11593201764,302.7496271929472,605.4992543858943,29263,1772465400000,68858.73962719295,SL,0,0,-337.0276221929413
840,Trend Long,True,True,29304,1772539200000,29305,1772541000000,67585.2,67306.33525055001,68700.65899779994,278.86474944998497,464.77458241664164,29305,1772541000000,67306.33525055001,SL,0,0,-312.65734944998917
841,Trend Long,True,True,29345,1772613000000,29346,1772614800000,71011.4,70642.64099737798,72486.43601048808,368.7590026220191,614.5983377033652,29347,1772616600000,71310.0,SL,1,1,263.09430000000583
842,Trend Long,True,True,29358,1772636400000,29359,1772638200000,72972.15,72572.31603593762,74571.4858562495,399.83396406237637,666.3899401039606,29360,1772640000000,73366.7220119792,SL,0,1,358.08593697920946
843,Trend Short,False,True,29485,1772865000000,29486,1772866800000,67690.86,67858.04438586303,67022.12245654788,167.18438586302997,278.64064310504995,29487,1772868600000,67727.6,SL,1,1,-70.58543000000523
844,Trend Short,False,True,29500,1772892000000,29501,1772893800000,67807.42,67948.12841970226,67244.58632119096,140.7084197022594,234.514032837099,29501,1772893800000,67948.12841970226,SL,0,0,-174.6121297022632
845,Trend Short,False,True,29508,1772906400000,29509,1772908200000,67662.0,67791.71808458432,67143.12766166267,129.71808458433128,216.19680764055215,29510,1772910000000,67568.13,SL,2,1,60.03899999999534
846,Trend Short,False,True,29511,1772911800000,29512,1772913600000,67080.33,67225.16978273753,66500.9708690499,144.83978273752754,241.39963789587927,29512,1772913600000,67225.16978273753,SL,0,0,-178.3799477375302
847,Trend Short,False,True,29525,1772937000000,29526,1772938800000,66925.45,67070.19836668449,66346.456533262,144.7483666844991,241.2472778074985,29526,1772938800000,67070.19836668449,SL,0,0,-178.2110916844928
848,Trend Short,False,True,29529,1772944200000,29530,1772946000000,66637.35,66784.67416151802,66048.05335392796,147.3241615180131,245.54026919668854,29530,1772946000000,66784.67416151802,SL,0,0,-180.6428365180159
849,Trend Short,False,True,29562,1773003600000,29563,1773005400000,66936.42,67146.71447994401,66095.24208022392,210.29447994401988,350.4907999066998,29564,1773007200000,67020.01,SL,3,1,-117.0582099999965
850,Trend Long,True,True,29619,1773106200000,29620,1773108000000,69260.0,69001.90768827368,70292.36924690528,258.0923117263196,430.15385287719937,29621,1773109800000,69371.02,SL,3,1,76.39000000000408
851,Trend Long,True,True,29630,1773126000000,29631,1773127800000,70322.96,70048.74136331746,71419.8345467302,274.2186366825471,457.0310611375786,29632,1773129600000,70406.01,SL,1,1,47.888519999988354
852,Trend Long,True,True,29634,1773133200000,29635,1773135000000,71228.0,70945.16695402202,72359.33218391193,282.8330459779839,471.3884099633065,29635,1773135000000,70945.16695402202,SL,0,0,-318.44704597798267
853,Trend Long,True,True,29645,1773153000000,29646,1773154800000,71467.81,71124.37530718285,72841.5487712686,343.4346928171492,572.3911546952487,29646,1773154800000,71124.37530718285,SL,0,0,-379.1685978171435
854,Trend Long,True,True,29742,1773327600000,29743,1773329400000,70299.21,70023.61660324389,71401.58358702446,275.5933967561136,459.32232792685596,29744,1773331200000,70334.89,SL,0,1,0.530394999993014
855,Range Short,False,False,29760,1773360000000,29761,1773361800000,71482.53,71700.45919550292,70937.7070112427,217.92919550292117,435.85839100584235,29761,1773361800000,71700.45919550292,SL,0,0,-253.67046050291844
856,Trend Long,True,True,29777,1773390600000,29778,1773392400000,71821.01,71602.09652480239,72696.66390079042,218.9134751976063,364.8557919960105,29778,1773392400000,71602.09652480239,SL,0,0,-254.82398019760893
857,Trend Long,True,True,29780,1773396000000,29781,1773397800000,72347.52,72124.44938592962,73239.80245628156,223.0706140703863,371.7843567839772,29782,1773399600000,72458.11,SL,0,1,74.4162399999965
858,Trend Long,True,True,29785,1773405000000,29786,1773406800000,72784.73,72571.17898544499,73638.93405822005,213.5510145550134,355.918357591689,29787,1773408600000,73023.17,SL,2,1,202.04763500000234
859,Trend Long,True,True,29788,1773410400000,29789,1773412200000,73738.52,73484.69551859426,74753.81792562298,253.82448140574476,423.04080234290797,29789,1773412200000,73484.69551859426,SL,0,0,-290.6937414057398
860,Trend Long,True,True,29861,1773541800000,29862,1773543600000,71450.54,71325.32640506135,71951.39437975457,125.21359493864263,208.68932489773772,29862,1773543600000,71325.32640506135,SL,0,0,-160.93886493864292
861,Trend Long,True,True,29864,1773547200000,29865,1773549000000,71538.04,71407.32667052471,72060.89331790115,130.71332947529066,217.85554912548443,29865,1773549000000,71407.32667052471,SL,0,0,-166.48234947528573
862,Trend Long,True,True,29872,1773561600000,29873,1773563400000,71586.21,71457.46453323677,72101.19186705296,128.74546676323695,214.57577793872827,29874,1773565200000,71717.5,SL,2,1,95.4968949999936
863,Trend Long,True,True,29891,1773595800000,29892,1773597600000,71819.96,71681.04595559248,72375.61617763013,138.91404440753277,231.52340734588796,29893,1773599400000,71726.38,SL,0,1,-129.48998000000176
864,Trend Long,True,True,29931,1773667800000,29932,1773669600000,74109.56,73871.05167812633,75063.59328749469,238.50832187367308,397.51386978945516,29932,1773669600000,73871.05167812633,SL,0,0,-275.56310187366904
865,Trend Long,True,True,29940,1773684000000,29941,1773685800000,74249.32,73973.30659255889,75353.37362976446,276.0134074411146,460.02234573519104,29941,1773685800000,73973.30659255889,SL,0,0,-313.13806744111804
866,Trend Long,True,True,29954,1773709200000,29955,1773711000000,75933.8,75638.94763644839,77113.20945420646,294.8523635516152,491.4206059193587,29955,1773711000000,75638.94763644839,SL,0,0,-332.8192635516176
867,Range Long,True,False,30023,1773833400000,30024,1773835200000,72952.85,72792.97836397264,73352.52909006842,159.87163602736422,319.74327205472844,30024,1773835200000,72792.97836397264,SL,0,0,-196.34806102736837
868,Range Long,True,False,30025,1773837000000,30026,1773838800000,72361.13,72192.49305362947,72782.72236592634,168.63694637053308,337.27389274106616,30026,1773838800000,72192.49305362947,SL,0,0,-204.81751137053413
869,Trend Short,False,True,30049,1773880200000,30050,1773882000000,71002.18,71214.55165104532,70152.69339581873,212.37165104531758,353.95275174219597,30052,1773885600000,71115.24,SL,0,2,-148.56109000001223
870,Trend Short,False,True,30056,1773892800000,30057,1773894600000,70732.96,70943.33262140189,69891.4695143925,210.37262140187693,350.6210356697949,30060,1773900000000,70943.33262140189,SL,0,3,-245.7391014018825
871,Trend Short,False,True,30062,1773903600000,30063,1773905400000,69810.8,70034.15001737639,68917.39993049443,223.35001737639234,372.25002896065394,30063,1773905400000,70034.15001737639,SL,0,0,-258.2554173763896
872,Trend Short,False,True,30072,1773921600000,30073,1773923400000,69609.19,69818.88298895085,68770.41804419662,209.6929889508448,349.4883149180747,30074,1773925200000,69290.28,SL,2,1,284.1054050000035
873,Trend Short,False,True,30076,1773928800000,30077,1773930600000,69165.75,69438.7547176027,68073.73112958923,273.0047176026938,455.0078626711563,30077,1773930600000,69438.7547176027,SL,0,0,-307.5875926027001
874,Range Long,True,False,30191,1774135800000,30192,1774137600000,68918.12,68787.65815450955,69244.27461372608,130.46184549043585,260.9236909808717,30192,1774137600000,68787.65815450955,SL,0,0,-164.92090549044119
875,Trend Short,False,True,30208,1774166400000,30209,1774168200000,68624.0,68784.30276090297,67982.78895638813,160.30276090296815,267.1712681716136,30209,1774168200000,68784.30276090297,SL,0,0,-194.61476090296685
876,Trend Short,False,True,30214,1774177200000,30215,1774179000000,68419.9,68576.23536823296,67794.55852706818,156.3353682329553,260.5589470549255,30216,1774180800000,68217.94,SL,1,1,167.75004999999186
877,Trend Short,False,True,30230,1774206000000,30231,1774207800000,68287.44,68444.38471044549,67659.66115821803,156.94471044549178,261.574517409153,30232,1774209600000,68199.93,SL,0,1,53.36628000000931
878,Trend Short,False,True,30234,1774213200000,30235,1774215000000,67810.33,67996.370582024,67066.16767190403,186.04058202399267,310.06763670665447,30236,1774216800000,67899.97,SL,0,1,-123.54516499999943
879,Trend Short,False,True,30241,1774225800000,30242,1774227600000,67670.0,67886.16469396911,66805.34122412353,216.16469396911796,360.27448994852995,30242,1774227600000,67886.16469396911,SL,0,0,-249.9996939691127
880,Trend Short,False,True,30253,1774247400000,30254,1774249200000,67874.2,68105.66878545887,66948.32485816452,231.46878545887049,385.7813090981175,30255,1774251000000,67810.18,SL,1,1,30.082900000004074
881,Trend Long,True,True,30328,1774382400000,30329,1774384200000,70012.33,69756.74116172291,71034.68535310838,255.58883827709263,425.98139712848774,30330,1774386000000,70093.19,SL,0,1,45.85383500000058
882,Trend Long,True,True,30346,1774414800000,30347,1774416600000,71198.74,70999.2297542985,71996.78098280604,199.51024570150733,332.5170761691789,30349,1774420200000,70999.2297542985,SL,0,2,-235.10961570150184
883,Trend Long,True,True,30358,1774436400000,30359,1774438200000,71870.29,71680.5505130551,72629.24794777956,189.7394869448926,316.2324782414877,30359,1774438200000,71680.5505130551,SL,0,0,-225.67463194489082
884,Trend Long,True,True,30368,1774454400000,30369,1774456200000,71506.21,71236.02556070432,72586.94775718272,270.18443929567866,450.3073988261311,30370,1774458000000,71324.01,SL,0,1,-217.95310500001165
885,Range Long,True,False,30395,1774503000000,30396,1774504800000,70016.97,69857.6781054345,70415.19973641374,159.29189456549162,318.58378913098323,30396,1774504800000,69857.6781054345,SL,0,0,-194.30037956549648
886,Trend Short,False,True,30414,1774537200000,30415,1774539000000,69030.49,69255.22794935298,68131.53820258813,224.73794935296988,374.5632489216165,30416,1774540800000,69082.64,SL,0,1,-86.66524499999417
887,Trend Short,False,True,30419,1774546200000,30420,1774548000000,68486.86,68709.48564711711,67596.35741153157,222.62564711710903,371.04274519518174,30421,1774549800000,68227.20854903903,SL,1,1,225.40802096096968
888,Trend Short,False,True,30453,1774607400000,30454,1774609200000,66502.41,66747.75406494751,65521.03374020995,245.34406494751394,408.90677491252325,30455,1774611000000,66712.92,SL,0,1,-243.76120499999476
889,Trend Short,False,True,30459,1774618200000,30460,1774620000000,66188.31,66425.61616333824,65239.08534664699,237.30616333825134,395.51027223041893,30461,1774621800000,65809.27205444608,SL,1,1,345.9437905539223
890,Trend Short,False,True,30526,1774738800000,30527,1774740600000,66393.63,66517.53540312812,65898.00838748757,123.9054031281087,206.5090052135145,30528,1774742400000,66377.04,SL,0,1,-16.60681499998894
891,Trend Short,False,True,30653,1774967400000,30654,1774969200000,66587.46,66869.32482670908,65460.000693163725,281.8648267090707,469.77471118178454,30654,1774969200000,66869.32482670908,SL,0,0,-315.1585567090757
892,Trend Short,False,True,30737,1775118600000,30738,1775120400000,66439.12,66643.52629333049,65621.49482667798,204.40629333050174,340.67715555083623,30739,1775122200000,66478.73,SL,0,1,-72.82956000000058
893,Trend Short,False,True,30876,1775368800000,30877,1775370600000,66763.87,66840.35716866932,66457.92132532269,76.48716866932422,127.47861444887371,30877,1775370600000,66840.35716866932,SL,0,0,-109.86910366932227
894,Trend Short,False,True,30889,1775392200000,30890,1775394000000,66783.59,66854.27534037852,66500.84863848593,70.68534037851812,117.80890063086353,30890,1775394000000,66854.27534037852,SL,0,0,-104.07713537852078
895,Trend Long,True,True,30905,1775421000000,30906,1775422800000,67658.35,67549.17190372737,68095.06238509055,109.17809627263581,181.96349378772635,30906,1775422800000,67549.17190372737,SL,0,0,-143.00727127263343
896,Trend Long,True,True,30995,1775583000000,30996,1775584800000,68705.82,68509.38222768437,69491.57108926254,196.43777231563084,327.3962871927181,30997,1775586600000,68509.38222768437,SL,0,1,-230.79068231563582
897,Trend Long,True,True,30999,1775590200000,31000,1775592000000,69011.29,68797.47109920067,69866.56560319728,213.81890079932109,356.36483466553517,31001,1775593800000,69364.13,SL,1,1,318.33435500001104
898,Trend Long,True,True,31002,1775595600000,31003,1775597400000,69591.77,69352.73982395914,70547.89070416342,239.0301760408558,398.3836267347597,31004,1775599200000,69927.65,SL,3,1,301.0841149999901
899,Trend Long,True,True,31033,1775651400000,31034,1775653200000,72071.95,71891.08312324366,72795.41750702537,180.8668767563429,301.4447945939048,31034,1775653200000,72795.41750702537,TP,0,0,687.4315320253725
900,Trend Long,True,True,31100,1775772000000,31101,1775773800000,72625.38,72369.12078624689,73650.41685501246,256.2592137531149,427.09868958852485,31101,1775773800000,72369.12078624689,SL,0,0,-292.57190375311734
901,Trend Long,True,True,31113,1775795400000,31114,1775797200000,72117.29,71908.17681407381,72953.74274370472,209.11318592618017,348.5219765436336,31115,1775799000000,72198.18560469127,SL,0,1,44.836959691279006
902,Range Short,False,False,31132,1775829600000,31133,1775831400000,72969.98,73131.39062803224,72566.45342991939,161.4106280322442,322.8212560644884,31133,1775831400000,73131.39062803224,SL,0,0,-197.89561803224484
903,Range Short,False,False,31189,1775932200000,31190,1775934000000,73547.9,73648.1247273101,73297.3381817247,100.22472731011655,200.4494546202331,31190,1775934000000,73648.1247273101,SL,0,0,-136.99867731010931
904,Trend Short,False,True,31244,1776031200000,31245,1776033000000,70667.01,70814.10258988055,70078.63964047776,147.09258988055808,245.1543164675968,31245,1776033000000,70814.10258988055,SL,0,0,-182.42609488055808
905,Trend Short,False,True,31257,1776054600000,31258,1776056400000,70890.3,71037.39334970416,70301.92660118335,147.09334970416177,245.15558284026963,31259,1776058200000,70860.01,SL,1,1,-5.155149999991856
906,Trend Long,True,True,31323,1776173400000,31324,1776175200000,75525.94,75341.88404272075,76262.163829117,184.05595727924864,306.75992879874775,31324,1776175200000,75341.88404272075,SL,0,0,-221.81892727925538
907,Range Short,False,False,31457,1776414600000,31458,1776416400000,75780.38,75920.2964132672,75430.58896683199,139.91641326720685,279.8328265344137,31458,1776416400000,75920.2964132672,SL,0,0,-177.8066032672013
908,Trend Long,True,True,31465,1776429000000,31466,1776430800000,76233.06,76009.28995128925,77128.14019484303,223.77004871075692,372.95008118459486,31467,1776432600000,76586.01,SL,3,1,314.8334699999971
909,Trend Long,True,True,31469,1776436200000,31470,1776438000000,77886.77,77586.16176735662,79089.2029305735,300.60823264337597,501.0137210722933,31470,1776438000000,77586.16176735662,SL,0,0,-339.55161764338254
910,Trend Long,True,True,31562,1776603600000,31563,1776605400000,76045.85,75885.29467587483,76688.07129650073,160.55532412518102,267.5922068753017,31563,1776605400000,75885.29467587483,SL,0,0,-198.5782491251764
911,Trend Short,False,True,31580,1776636000000,31581,1776637800000,73943.57,74152.19642974249,73109.06428103012,208.62642974247174,347.7107162374529,31581,1776637800000,74152.19642974249,SL,0,0,-245.59821474247866
912,Trend Long,True,True,31653,1776767400000,31654,1776769200000,76746.41,76560.2813962561,77490.92441497557,186.12860374389257,310.2143395731543,31654,1776769200000,76560.2813962561,SL,0,0,-224.50180874389858
913,Range Short,False,False,31685,1776825000000,31686,1776826800000,77604.7,77820.36946596431,77065.52633508923,215.66946596430364,431.3389319286073,31687,1776828600000,77529.09,SL,0,1,36.807650000000585
914,Trend Long,True,True,31690,1776834000000,31691,1776835800000,78258.53,77999.3994606311,79295.05215747561,259.1305393689025,431.8842322815041,31691,1776835800000,77999.3994606311,SL,0,0,-298.2598043688963
915,Trend Long,True,True,31707,1776864600000,31708,1776866400000,78840.94,78653.82587253828,79589.39650984689,187.11412746172115,311.8568791028686,31709,1776868200000,79008.3,SL,1,1,127.93953000000059
916,Trend Long,True,True,31711,1776871800000,31712,1776873600000,79272.91,79070.26398905576,80083.49404377698,202.64601094424657,337.7433515737443,31712,1776873600000,79070.26398905576,SL,0,0,-242.28246594424144
917,Trend Long,True,True,31758,1776956400000,31759,1776958200000,78386.88,78174.62961973742,79235.88152105037,212.25038026258963,353.75063377098274,31760,1776960000000,78376.77,SL,0,1,-49.303440000000585
918,Trend Long,True,True,31900,1777212000000,31901,1777213800000,78065.97,77976.90564000103,78422.22743999591,89.0643599989777,148.44059999829616,31902,1777215600000,78095.65,SL,0,1,-9.352985000006989
919,Trend Long,True,True,31908,1777226400000,31909,1777228200000,78177.32,78082.27231455255,78557.51074178981,95.04768544745211,158.41280907908686,31910,1777230000000,78283.97,SL,2,1,67.56133999999417
920,Trend Short,False,True,31996,1777384800000,31997,1777386600000,75829.12,75993.38928688764,75172.04285244942,164.26928688764409,273.78214481274017,31998,1777388400000,75950.0,SL,0,1,-158.79456000000465
921,Trend Short,False,True,32040,1777464000000,32041,1777465800000,77145.78,77311.68640304716,76482.15438781137,165.9064030471579,276.5106717452632,32042,1777467600000,77143.68,SL,1,1,-36.47288999999418
922,Trend Short,False,True,32046,1777474800000,32047,1777476600000,76230.53,76421.0666687118,75468.38332515275,190.5366687118104,317.561114519684,32048,1777478400000,75924.24,SL,2,1,268.1747349999936
923,Trend Short,False,True,32069,1777516200000,32070,1777518000000,75704.74,75902.4132291447,74914.0470834212,197.6732291447024,329.4553819078373,32071,1777519800000,75902.4132291447,SL,0,1,-235.52559914469697
924,Trend Short,False,True,32073,1777523400000,32074,1777525200000,75497.01,75680.99466570183,74761.07133719264,183.98466570183842,306.64110950306406,32075,1777527000000,75429.06,SL,0,1,30.201494999997088
925,Range Short,False,False,32118,1777604400000,32119,1777606200000,77198.27,77325.0980982291,76881.19975442727,126.82809822909272,253.65619645818543,32120,1777608000000,77131.08,SL,2,1,28.590865000002324
926,Trend Long,True,True,32136,1777636800000,32137,1777638600000,77763.04,77625.78465339716,78312.06138641134,137.25534660283637,228.75891100472728,32138,1777640400000,77896.01,SL,3,1,94.08848000000117
927,Trend Long,True,True,32139,1777642200000,32140,1777644000000,78737.26,78557.67831250494,79455.58674998021,179.5816874950548,299.302812491758,32140,1777644000000,78557.67831250494,SL,0,0,-218.9503174950542
928,Trend Long,True,True,32142,1777647600000,32143,1777649400000,78536.01,78331.38784131681,79354.4986347327,204.62215868317637,341.03693113862727,32143,1777649400000,78331.38784131681,SL,0,0,-243.8901636831816
929,Trend Long,True,True,32248,1777838400000,32249,1777840200000,78921.68,78831.23411211035,79283.46355155855,90.44588788963947,150.74314648273244,32250,1777842000000,78915.99,SL,2,1,-45.150839999987774
930,Trend Long,True,True,32252,1777845600000,32253,1777847400000,79085.31,78958.61869247147,79592.07523011412,126.69130752852939,211.15217921421566,32254,1777849200000,79177.29,SL,1,1,52.43734499999593
931,Trend Long,True,True,32314,1777957200000,32315,1777959000000,81061.53,80871.59583231866,81821.26667072534,189.93416768133636,316.5569461355606,32316,1777960800000,80969.99,SL,1,1,-132.0707649999936
932,Trend Long,True,True,32330,1777986000000,32331,1777987800000,81460.28,81306.31237324326,82076.15050702698,153.9676267567441,256.6127112612402,32331,1777987800000,81306.31237324326,SL,0,0,-194.6977667567411
933,Trend Long,True,True,32334,1777993200000,32335,1777995000000,81610.0,81426.68640681489,82343.25437274046,183.31359318511477,305.52265530852463,32336,1777996800000,81525.19,SL,0,1,-125.61499999999768
934,Range Short,False,False,32374,1778065200000,32375,1778067000000,82684.0,82832.00609846384,82313.9847538404,148.00609846384256,296.0121969276851,32376,1778068800000,82522.88,SL,2,1,119.77799999999534
935,Trend Short,False,True,32452,1778205600000,32453,1778207400000,79485.63,79650.76834888248,78825.07660447009,165.13834888247814,275.2305814707969,32453,1778207400000,79650.76834888248,SL,0,0,-204.88116388247948
936,Trend Short,False,True,32462,1778223600000,32463,1778225400000,79350.33,79492.3388433937,78782.29462642517,142.0088433937095,236.6814056561825,32463,1778225400000,79492.3388433937,SL,0,0,-181.6840083937053
937,Trend Short,False,True,32473,1778243400000,32474,1778245200000,80025.81,80176.81522415446,79421.78910338215,151.00522415446318,251.67537359077198,32475,1778247000000,79612.52,SL,2,1,373.2770949999936
938,Range Short,False,False,32530,1778346000000,32531,1778347800000,80832.44,80905.46792711335,80649.87018221663,73.0279271133481,146.0558542266962,32531,1778347800000,80905.46792711335,SL,0,0,-113.4441471133477
939,Range Short,False,False,32532,1778349600000,32533,1778351400000,81040.53,81119.10566164365,80844.09084589087,78.57566164365213,157.15132328730425,32534,1778353200000,80907.66,SL,2,1,92.34973499999535
940,Trend Long,True,True,32575,1778427000000,32576,1778428800000,81418.01,81327.79228136964,81778.88087452146,90.21771863036548,150.36286438394248,32576,1778428800000,81327.79228136964,SL,0,0,-130.92672363035973
941,Trend Long,True,True,32582,1778439600000,32583,1778441400000,81481.36,81371.34297506453,81921.42809974185,110.01702493546435,183.36170822577392,32583,1778441400000,81371.34297506453,SL,0,0,-150.75770493547054
942,Trend Short,False,True,32715,1778679000000,32716,1778680800000,79656.01,79816.03757696666,79015.89969213336,160.0275769666602,266.712628277767,32716,1778680800000,79816.03757696666,SL,0,0,-199.8555819666623
943,Trend Short,False,True,32718,1778684400000,32719,1778686200000,79283.09,79460.93063505676,78571.72745977296,177.84063505676167,296.4010584279361,32720,1778688000000,78827.21,SL,2,1,416.2384549999901
944,Trend Short,False,True,32741,1778725800000,32742,1778727600000,79370.24,79518.49888271709,78777.20446913168,148.25888271708115,247.09813786180194,32743,1778729400000,79316.01,SL,2,1,14.544880000010473
945,Trend Long,True,True,32789,1778812200000,32790,1778814000000,81299.14,81090.09892071795,82135.3043171282,209.04107928205033,348.40179880341725,32791,1778815800000,81090.09892071795,SL,0,1,-249.69064928204756
946,Trend Short,False,True,32844,1778911200000,32845,1778913000000,78824.78,78922.4222243046,78434.21110278158,97.6422243046032,162.73704050767202,32846,1778914800000,78648.0,SL,4,1,137.36760999999882
947,Trend Short,False,True,32850,1778922000000,32851,1778923800000,78058.02,78193.74581928574,77515.11672285704,135.72581928574104,226.2096988095684,32851,1778923800000,78193.74581928574,SL,0,0,-174.75482928574073
948,Trend Short,False,True,32852,1778925600000,32853,1778927400000,77772.28,77916.73602785352,77194.45588858592,144.45602785352148,240.7600464225358,32853,1778927400000,77916.73602785352,SL,0,0,-183.34216785352095
949,Trend Short,False,True,32881,1778977800000,32882,1778979600000,77945.85,78039.55042460268,77571.0483015893,93.70042460267597,156.1673743377933,32882,1778979600000,78039.55042460268,SL,0,0,-132.67334960267723
950,Trend Short,False,True,32883,1778981400000,32884,1778983200000,77725.72,77829.9196926421,77308.9212294316,104.19969264210319,173.66615440350532,32884,1778983200000,77829.9196926421,SL,0,0,-143.06255264209796
951,Trend Short,False,True,32908,1779026400000,32909,1779028200000,78040.0,78144.35014273827,77622.5994290469,104.35014273827738,173.91690456379564,32910,1779030000000,78051.51,SL,0,1,-50.529999999994764
952,Trend Short,False,True,32955,1779111000000,32956,1779112800000,76937.7,77122.0223893244,76200.41044270241,184.32238932439458,307.2039822073243,32957,1779114600000,76641.67,SL,2,1,257.56114999999886
953,Trend Short,False,True,32958,1779116400000,32959,1779118200000,76087.59,76290.06590355163,75277.68638579345,202.47590355163734,337.4598392527289,32959,1779118200000,76290.06590355163,SL,0,0,-240.51969855163264
954,Trend Short,False,True,33109,1779388200000,33110,1779390000000,77387.74,77589.26044322082,76581.65822711674,201.52044322081443,335.86740536802404,33110,1779390000000,77589.26044322082,SL,0,0,-240.21431322081202
955,Trend Short,False,True,33157,1779474600000,33158,1779476400000,76537.47,76693.55884261163,75913.11462955347,156.08884261163345,260.1480710193891,33159,1779478200000,76259.52,SL,3,1,239.6812649999971
956,Trend Short,False,True,33167,1779492600000,33168,1779494400000,75539.5,75702.73367491578,74886.56530033686,163.233674915784,272.05612485964,33169,1779496200000,75486.12,SL,1,1,15.610250000004655
957,Trend Short,False,True,33182,1779519600000,33183,1779521400000,75292.78,75394.73130776631,74884.97476893476,101.95130776631113,169.91884627718522,33183,1779521400000,74884.97476893476,TP,0,0,370.158841065242
958,Trend Short,False,True,33244,1779631200000,33245,1779633000000,76419.22,76561.69232343219,75849.33070627128,142.47232343218016,237.45387238696696,33248,1779638400000,76561.69232343219,SL,0,3,-180.68193343218638
959,Trend Long,True,True,33332,1779789600000,33333,1779791400000,77229.74,77100.02436045748,77748.60255817013,129.71563954253028,216.19273257088383,33334,1779793200000,77430.0,SL,2,1,161.64512999999477
960,Range Long,True,False,33388,1779890400000,33389,1779892200000,74875.96,74735.61466829812,75226.82332925471,140.34533170187945,280.6906634037589,33390,1779894000000,75031.92,SL,2,1,118.52201999999184
961,Trend Short,False,True,33410,1779930000000,33411,1779931800000,74286.46,74464.6225327079,73573.8098691684,178.16253270790017,296.93755451316696,33412,1779933600000,74344.07,SL,0,1,-94.75323000000058
962,Trend Short,False,True,33414,1779937200000,33415,1779939000000,73746.58,73942.41717202912,72963.23131188356,195.83717202911095,326.3952867151849,33416,1779940800000,73258.0,SL,3,1,451.70671000000175
963,Range Long,True,False,33484,1780063200000,33485,1780065000000,72722.64,72589.16497798382,73056.32755504045,133.47502201617976,266.95004403235953,33485,1780065000000,72589.16497798382,SL,0,0,-169.83634201618045
964,Range Short,False,False,33532,1780149600000,33533,1780151400000,74048.28,74116.97888554173,73876.53278614569,68.69888554172312,137.39777108344623,33534,1780153200000,73929.11,SL,1,1,82.14585999999825
965,Trend Short,False,True,33594,1780261200000,33595,1780263000000,73650.52,73737.68329717284,73301.86681130866,87.1632971728355,145.27216195472585,33595,1780263000000,73737.68329717284,SL,0,0,-123.98855717283952
966,Trend Short,False,True,33623,1780313400000,33624,1780315200000,72480.0,72637.36123765225,71850.55504939098,157.36123765225375,262.2687294204229,33625,1780317000000,72227.44,SL,2,1,216.31999999999766
967,Trend Short,False,True,33651,1780363800000,33652,1780365600000,70652.47,70846.43552468611,69876.60790125554,193.96552468611418,323.275874476857,33653,1780367400000,70807.51,SL,2,1,-190.3662349999936
968,Trend Short,False,True,33659,1780378200000,33660,1780380000000,70268.97,70464.10049937847,69488.44800248613,195.13049937846958,325.217498964116,33661,1780381800000,70370.2,SL,1,1,-136.3644849999959
969,Trend Short,False,True,33662,1780383600000,33663,1780385400000,69914.0,70119.87325624435,69090.5069750226,205.87325624435007,343.12209374058347,33663,1780385400000,70119.87325624435,SL,0,0,-240.83025624434742
970,Trend Short,False,True,33665,1780389000000,33666,1780390800000,69822.0,70027.74059692743,68999.03761229033,205.74059692741875,342.90099487903126,33667,1780392600000,69399.1,SL,1,1,387.9889999999942
971,Trend Short,False,True,33672,1780401600000,33673,1780403400000,69286.03,69480.9382203553,68506.3971185788,194.90822035530016,324.8470339255003,33674,1780405200000,69010.41,SL,1,1,240.97698499999535
972,Trend Short,False,True,33675,1780407000000,33676,1780408800000,68809.93,69004.15151389234,68033.04394443061,194.22151389234472,323.70252315390786,33676,1780408800000,68033.04394443061,TP,0,0,742.4810905693828
973,Trend Short,False,True,33678,1780412400000,33679,1780414200000,67450.01,67698.18605685914,66457.30577256343,248.17605685914043,413.6267614319007,33680,1780416000000,67304.29,SL,1,1,111.99499500000117
974,Trend Short,False,True,33686,1780426800000,33687,1780428600000,66978.21,67238.52492587132,65936.95029651478,260.31492587130714,433.8582097855119,33687,1780428600000,67238.52492587132,SL,0,0,-293.80403087130924
975,Trend Short,False,True,33703,1780457400000,33704,1780459200000,65849.9,66166.1111797264,64585.055281094385,316.21117972640155,527.0186328773359,33704,1780459200000,66166.1111797264,SL,0,0,-349.13612972640783
976,Trend Short,False,True,33726,1780498800000,33727,1780500600000,66597.74,66849.88775018032,65589.14899927874,252.1477501803165,420.24625030052755,33728,1780502400000,66076.01,SL,2,1,488.43113000001046
977,Trend Short,False,True,33737,1780518600000,33738,1780520400000,65007.27,65290.59675793805,63873.96296824777,283.32675793805714,472.21126323009526,33738,1780520400000,65290.59675793805,SL,0,0,-315.83039293805535
978,Trend Short,False,True,33742,1780527600000,33743,1780529400000,64505.4,64816.93384253417,63259.26462986334,311.5338425341652,519.2230708902754,33744,1780531200000,64142.75,SL,2,1,330.39730000000145
979,Trend Short,False,True,33746,1780534800000,33747,1780536600000,62700.0,63062.08186626974,61251.67253492105,362.0818662697389,603.4697771162315,33747,1780536600000,63062.08186626974,SL,0,0,-393.43186626974205
980,Trend Short,False,True,33819,1780666200000,33820,1780668000000,60732.36,61140.16501902832,59101.13992388672,407.8050190283199,679.6750317138666,33820,1780668000000,61140.16501902832,SL,0,0,-438.17119902831746
981,Trend Short,False,True,33829,1780684200000,33830,1780686000000,59396.0,59878.07081805037,57467.71672779851,482.0708180503717,803.4513634172862,33831,1780687800000,59858.28,SL,0,1,-491.9779999999988
982,Trend Short,False,True,33848,1780718400000,33849,1780720200000,59964.29,60325.22280607244,58520.55877571024,360.9328060724393,601.5546767873989,33850,1780722000000,60101.28,SL,0,1,-166.97214499999797
983,Trend Short,False,True,33926,1780858800000,33927,1780860600000,61482.97,61691.58134391627,60648.52462433495,208.61134391626365,347.68557319377277,33928,1780862400000,61327.99,SL,1,1,124.2385150000032
984,Trend Short,False,True,34010,1781010000000,34011,1781011800000,62342.29,62518.865607798296,61635.98756880683,176.57560779829308,294.2926796638218,34011,1781011800000,62518.865607798296,SL,0,0,-207.7467527982951
985,Trend Short,False,True,34012,1781013600000,34013,1781015400000,61601.27,61805.440212846486,60784.589148614046,204.1702128464875,340.28368807747916,34014,1781017200000,61541.95,SL,1,1,28.51936499999971
986,Trend Short,False,True,34041,1781065800000,34042,1781067600000,61296.0,61474.682591662844,60581.269633348624,178.68259166284346,297.80431943807247,34043,1781069400000,61263.99,SL,0,1,1.3620000000020376
987,Trend Short,False,True,34048,1781078400000,34049,1781080200000,61537.99,61706.54543641638,60863.76825433447,168.55543641638178,280.9257273606363,34050,1781082000000,61261.56,SL,3,1,245.6610050000003
988,Trend Short,False,True,34054,1781089200000,34055,1781091000000,60966.06,61153.32498147635,60217.00007409459,187.26498147635095,312.1083024605849,34056,1781092800000,61153.32498147635,SL,0,1,-217.74801147634992
989,Trend Long,True,True,34114,1781197200000,34115,1781199000000,63016.23,62813.25932203247,63828.112711870126,202.97067796753143,338.28446327921904,34116,1781200800000,63644.18,SL,2,1,596.4418849999971
990,Trend Long,True,True,34136,1781236800000,34137,1781238600000,63797.51,63637.61223052451,64437.10107790196,159.8977694754905,266.49628245915085,34138,1781240400000,63637.61223052451,SL,0,1,-191.79652447549398
991,Trend Long,True,True,34202,1781355600000,34203,1781357400000,64230.25,64145.280472454746,64570.12811018102,84.96952754525438,141.61587924209064,34203,1781357400000,64145.280472454746,SL,0,0,-117.0846525452541
992,Trend Long,True,True,34206,1781362800000,34207,1781364600000,64295.55,64212.28312785766,64628.61748856935,83.26687214233681,138.77812023722802,34207,1781364600000,64212.28312785766,SL,0,0,-115.4146471423397
993,Trend Long,True,True,34219,1781386200000,34220,1781388000000,64471.04,64368.11991943204,64882.72032227184,102.92008056795918,171.5334676132653,34221,1781389800000,64521.69330647735,SL,0,1,18.41778647734663
994,Trend Long,True,True,34226,1781398800000,34227,1781400600000,64660.01,64563.72040490985,65045.16838036061,96.28959509015041,160.48265848358403,34227,1781400600000,64563.72040490985,SL,0,0,-128.61960009015112
995,Trend Long,True,True,34293,1781519400000,34294,1781521200000,65917.37,65776.96195845632,66479.0021661747,140.40804154367564,234.01340257279276,34295,1781523000000,66258.95,SL,2,1,308.62131500000174
996,Trend Long,True,True,34297,1781526600000,34298,1781528400000,66563.48,66407.1111981849,67188.9552072604,156.36880181510125,260.61466969183545,34299,1781530200000,66841.92,SL,1,1,245.15826000000231
997,Trend Long,True,True,34303,1781537400000,34304,1781539200000,67292.15,67107.04161733361,68032.58353066555,185.10838266638825,308.5139711106471,34304,1781539200000,67107.04161733361,SL,0,0,-218.75445766638165
998,Range Long,True,False,34385,1781685000000,34386,1781686800000,64926.02,64797.86480640868,65246.407983978286,128.15519359131653,256.31038718263306,34387,1781688600000,65025.497922563474,SL,0,1,67.01491256347748
999,Trend Long,True,True,34399,1781710200000,34400,1781712000000,65751.99,65555.72731080728,66537.0407567709,196.2626891927256,327.104481987876,34401,1781713800000,66258.0,SL,2,1,473.1340049999948
1000,Trend Short,False,True,34424,1781755200000,34425,1781757000000,63951.98,64158.358073457726,63126.46770616911,206.3780734577234,343.96345576287234,34426,1781758800000,63883.26,SL,0,1,36.74401000000116
1001,Trend Short,False,True,34443,1781789400000,34444,1781791200000,63983.99,64156.041487651615,63295.78404939352,172.05148765161968,286.7524794193661,34444,1781791200000,64156.041487651615,SL,0,0,-204.0434826516172
1002,Trend Short,False,True,34446,1781794800000,34447,1781796600000,63238.0,63440.20711456655,62429.171541733805,202.20711456654828,337.0118576109138,34447,1781796600000,62429.171541733805,TP,0,0,777.2094582661945
1003,Trend Short,False,True,34470,1781838000000,34471,1781839800000,62848.4,63005.09457810654,62221.62168757387,156.69457810653333,261.1576301775556,34472,1781841600000,62773.52,SL,1,1,43.45580000000466
1004,Trend Short,False,True,34482,1781859600000,34483,1781861400000,62382.01,62530.078266583834,61789.736933664666,148.06826658383454,246.7804443063909,34484,1781863200000,62530.078266583834,SL,0,1,-179.25927158383215
1005,Trend Short,False,True,34538,1781960400000,34539,1781962200000,63348.95,63455.31146638557,62923.50413445772,106.36146638557047,177.26911064261745,34539,1781962200000,63455.31146638557,SL,0,0,-138.03594138556966
1006,Range Short,False,False,34633,1782131400000,34634,1782133200000,65149.58,65289.66764599616,64799.360885009606,140.08764599615773,280.17529199231546,34635,1782135000000,65001.56505839846,SL,0,1,115.44015160154106
1007,Trend Short,False,True,34672,1782201600000,34673,1782203400000,62044.01,62240.82516182047,61256.74935271816,196.81516182046136,328.02526970076894,34673,1782203400000,62240.82516182047,SL,0,0,-227.83716682046472
1008,Range Long,True,False,34731,1782307800000,34732,1782309600000,61338.0,61173.572586961374,61749.06853259656,164.4274130386234,328.8548260772468,34732,1782309600000,61173.572586961374,SL,0,0,-195.09641303862568
1009,Trend Short,False,True,34773,1782383400000,34774,1782385200000,61269.95,61423.3853521995,60656.208591202005,153.43535219949848,255.72558699916414,34775,1782387000000,61242.01,SL,0,1,-2.6949750000049484
1010,Trend Short,False,True,34779,1782394200000,34780,1782396000000,58291.7,58588.90834354875,57102.866625804985,297.2083435487535,495.34723924792246,34780,1782396000000,58588.90834354875,SL,0,0,-326.35419354875114
1011,Trend Short,False,True,34906,1782622800000,34907,1782624600000,59836.09,59946.8197362105,59393.171055157996,110.72973621049935,184.54956035083225,34907,1782624600000,59946.8197362105,SL,0,0,-140.64778121050188
1012,Trend Short,False,True,34939,1782682200000,34940,1782684000000,59445.96,59580.888823003384,58906.24470798647,134.92882300338172,224.88137167230286,34940,1782684000000,59580.888823003384,SL,0,0,-164.65180300338534
1013,Trend Short,False,True,35016,1782820800000,35017,1782822600000,58865.92,58999.397019492724,58332.0119220291,133.4770194927247,222.46169915454118,35018,1782824400000,58411.99,SL,2,1,424.4970400000003
1014,Trend Short,False,True,35021,1782829800000,35022,1782831600000,58482.81,58676.779541215175,57706.93183513928,193.9695412151788,323.2825686919647,35023,1782833400000,58384.55,SL,1,1,69.01859499999476
1015,Trend Long,True,True,35095,1782963000000,35096,1782964800000,61057.99,60845.26187610187,61908.90249559251,212.72812389812813,354.5468731635469,35096,1782964800000,60845.26187610187,SL,0,0,-243.25711889813044
1016,Trend Long,True,True,35107,1782984600000,35108,1782986400000,61184.0,60987.73072875469,61969.07708498126,196.26927124531466,327.11545207552444,35109,1782988200000,61224.53,SL,0,1,9.937999999998834
1017,Trend Long,True,True,35113,1782995400000,35114,1782997200000,61542.53,61358.72901334606,62277.733946615735,183.800986653935,306.3349777565584,35115,1782999000000,61688.0,SL,2,1,114.69873500000116
1018,Trend Long,True,True,35177,1783110600000,35178,1783112400000,62776.91,62638.26759278488,63331.47962886049,138.64240721512203,231.07067869187006,35178,1783112400000,62638.26759278488,SL,0,0,-170.03086221512032
1019,Trend Long,True,True,35184,1783123200000,35185,1783125000000,62765.15,62626.22183560731,63320.862657570746,138.9281643926853,231.5469406544755,35186,1783126800000,62626.22183560731,SL,0,1,-170.3107393926879
1020,Trend Long,True,True,35219,1783186200000,35220,1783188000000,63280.38,63174.06464998144,63705.64140007422,106.31535001855706,177.19225003092842,35220,1783188000000,63174.06464998144,SL,0,0,-137.95554001855808
1021,Trend Long,True,True,35247,1783236600000,35248,1783238400000,63020.21,62919.62866119393,63422.53535522428,100.58133880607134,167.63556467678558,35249,1783240200000,62935.6,SL,0,1,-116.12010500000058
1022,Range Long,True,False,35304,1783339200000,35305,1783341000000,62080.43,61947.20480677649,62413.492983058764,133.22519322350632,266.45038644701265,35305,1783341000000,61947.20480677649,SL,0,0,-164.26540822350853
1023,Trend Long,True,True,35322,1783371600000,35323,1783373400000,64224.49,64000.47412389754,65120.55350440982,224.0158761024563,373.35979350409383,35324,1783375200000,64460.21804129918,SL,1,1,203.61579629918222
1024,Trend Short,False,True,35406,1783522800000,35407,1783524600000,61628.0,61813.689786810064,60885.24085275976,185.68978681006098,309.4829780167683,35408,1783526400000,61813.689786810064,SL,0,1,-216.5037868100641
1025,Trend Short,False,True,35417,1783542600000,35418,1783544400000,62099.62,62260.13750747745,61457.549970090215,160.51750747744683,267.52917912907805,35419,1783546200000,62103.44,SL,0,1,-34.86980999999971
1026,Trend Long,True,True,35475,1783647000000,35476,1783648800000,63749.86,63584.67498576746,64410.600056930176,165.18501423254406,275.3083570542401,35477,1783650600000,63815.91,SL,1,1,34.175070000002904
1027,Trend Long,True,True,35488,1783670400000,35489,1783672200000,64331.99,64186.45896458931,64914.11414164277,145.53103541069277,242.55172568448793,35489,1783672200000,64186.45896458931,SL,0,0,-177.6970304106914
1028,Trend Long,True,True,35490,1783674000000,35491,1783675800000,64417.06,64268.822464365265,65010.010142538915,148.23753563473014,247.0625593912169,35492,1783677600000,64385.09,SL,0,1,-64.17853000000116
1029,Trend Long,True,True,35499,1783690200000,35500,1783692000000,64484.0,64328.5159362371,65105.9362550516,155.48406376290106,259.1401062715018,35500,1783692000000,64328.5159362371,SL,0,0,-187.7260637629022
1030,Range Long,True,False,35567,1783812600000,35568,1783814400000,63819.01,63744.43794422025,64005.44013944939,74.57205577975513,149.14411155951026,35569,1783816200000,63829.87,SL,0,1,-21.04950499999942
1031,Trend Short,False,True,35637,1783938600000,35638,1783940400000,62867.9,62998.30656130635,62346.273754774615,130.406561306347,217.34426884391166,35638,1783940400000,62998.30656130635,SL,0,0,-161.84051130635035
1032,Trend Short,False,True,35643,1783949400000,35644,1783951200000,62318.01,62468.15757575773,61717.4196969691,150.14757575772637,250.24595959621064,35644,1783951200000,62468.15757575773,SL,0,0,-181.3065807577282
1033,Trend Short,False,True,35647,1783956600000,35648,1783958400000,62618.0,62785.541798605176,61947.832805579295,167.5417986051756,279.236331008626,35649,1783960200000,62347.92,SL,1,1,238.77100000000175
1034,Trend Short,False,True,35651,1783963800000,35652,1783965600000,61904.99,62070.958471937796,61241.116112248805,165.96847193779743,276.61411989632904,35653,1783967400000,61948.0,SL,0,1,-73.96249500000204
1035,Trend Short,False,True,35668,1783994400000,35669,1783996200000,62384.0,62531.68362370924,61793.26550516303,147.68362370924353,246.1393728487392,35669,1783996200000,62531.68362370924,SL,0,0,-178.87562370924297
1036,Range Short,False,False,35689,1784032200000,35690,1784034000000,63959.99,64085.127228761216,63647.14692809695,125.13722876122056,250.2744575224411,35690,1784034000000,64085.127228761216,SL,0,0,-157.11722376121756
1037,Trend Long,True,True,35708,1784066400000,35709,1784068200000,64930.0,64766.248786257805,65585.00485496876,163.7512137421915,272.9186895703192,35710,1784070000000,64860.89,SL,0,1,-101.57500000000059
1038,Trend Long,True,True,35723,1784093400000,35724,1784095200000,64944.06,64812.94551686454,65468.51793254182,131.11448313545554,218.52413855909256,35725,1784097000000,64985.13,SL,2,1,8.597969999999712
1039,Trend Long,True,True,35729,1784104200000,35730,1784106000000,64768.0,64632.53830183658,65309.84679265366,135.46169816341455,225.76949693902426,35731,1784107800000,64833.11,SL,0,1,32.72600000000058
1040,Trend Long,True,True,35737,1784118600000,35738,1784120400000,65164.0,65030.450081474424,65698.19967410232,133.54991852557762,222.58319754262936,35739,1784122200000,65312.72,SL,2,1,116.13800000000117
1041,Trend Long,True,True,35788,1784210400000,35789,1784212200000,64766.01,64617.36070025192,65360.607198992344,148.64929974808538,247.74883291347567,35789,1784212200000,64617.36070025192,SL,0,0,-181.03230474808183
1042,Trend Short,False,True,35818,1784264400000,35819,1784266200000,63206.68,63350.73871859016,62630.445125639366,144.05871859015838,240.09786431693064,35820,1784268000000,62839.77,SL,2,1,335.3066600000035
1043,Trend Short,False,True,35834,1784293200000,35835,1784295000000,62854.0,62979.12284961982,62353.508601520734,125.12284961981646,208.53808269969412,35835,1784295000000,62979.12284961982,SL,0,0,-156.5498496198164
1044,Range Short,False,False,35891,1784395800000,35892,1784397600000,64480.28,64537.887228913285,64336.26192771679,57.607228913283194,115.21445782656639,35892,1784397600000,64537.887228913285,SL,0,0,-89.84736891328623
1045,Trend Long,True,True,35896,1784404800000,35897,1784406600000,64648.06,64573.38598467551,64946.756061297965,74.67401532449186,124.45669220748644,35897,1784406600000,64573.38598467551,SL,0,0,-106.99804532449002
